frame,time_seconds,visibility
1,0.03,No Logo
2,0.07,No Logo
3,0.1,No Logo
4,0.13,No Logo
5,0.17,No Logo
6,0.2,No Logo
7,0.23,No Logo
8,0.27,No Logo
9,0.3,No Logo
10,0.33,No Logo
11,0.37,No Logo
12,0.4,No Logo
13,0.43,No Logo
14,0.47,No Logo
15,0.5,No Logo
16,0.53,No Logo
17,0.57,No Logo
18,0.6,No Logo
19,0.63,No Logo
20,0.67,No Logo
21,0.7,No Logo
22,0.73,No Logo
23,0.77,No Logo
24,0.8,No Logo
25,0.83,No Logo
26,0.87,No Logo
27,0.9,No Logo
28,0.93,No Logo
29,0.97,No Logo
30,1.0,No Logo
31,1.03,No Logo
32,1.07,No Logo
33,1.1,No Logo
34,1.13,No Logo
35,1.17,No Logo
36,1.2,No Logo
37,1.23,No Logo
38,1.27,No Logo
39,1.3,No Logo
40,1.33,No Logo
41,1.37,No Logo
42,1.4,No Logo
43,1.43,No Logo
44,1.47,No Logo
45,1.5,No Logo
46,1.53,No Logo
47,1.57,No Logo
48,1.6,No Logo
49,1.63,No Logo
50,1.67,No Logo
51,1.7,No Logo
52,1.73,No Logo
53,1.77,No Logo
54,1.8,No Logo
55,1.83,No Logo
56,1.87,No Logo
57,1.9,No Logo
58,1.93,No Logo
59,1.97,No Logo
60,2.0,No Logo
61,2.03,No Logo
62,2.07,No Logo
63,2.1,No Logo
64,2.13,No Logo
65,2.17,No Logo
66,2.2,No Logo
67,2.23,No Logo
68,2.27,No Logo
69,2.3,No Logo
70,2.33,No Logo
71,2.37,No Logo
72,2.4,No Logo
73,2.43,No Logo
74,2.47,No Logo
75,2.5,No Logo
76,2.53,No Logo
77,2.57,No Logo
78,2.6,No Logo
79,2.63,No Logo
80,2.67,No Logo
81,2.7,No Logo
82,2.73,No Logo
83,2.77,No Logo
84,2.8,No Logo
85,2.83,No Logo
86,2.87,No Logo
87,2.9,No Logo
88,2.93,No Logo
89,2.97,No Logo
90,3.0,No Logo
91,3.03,No Logo
92,3.07,No Logo
93,3.1,No Logo
94,3.13,No Logo
95,3.17,No Logo
96,3.2,No Logo
97,3.23,No Logo
98,3.27,No Logo
99,3.3,No Logo
100,3.33,No Logo
101,3.37,No Logo
102,3.4,No Logo
103,3.43,No Logo
104,3.47,No Logo
105,3.5,No Logo
106,3.53,No Logo
107,3.57,No Logo
108,3.6,No Logo
109,3.63,No Logo
110,3.67,No Logo
111,3.7,No Logo
112,3.73,No Logo
113,3.77,No Logo
114,3.8,No Logo
115,3.83,No Logo
116,3.87,No Logo
117,3.9,No Logo
118,3.93,No Logo
119,3.97,No Logo
120,4.0,No Logo
121,4.03,No Logo
122,4.07,No Logo
123,4.1,No Logo
124,4.13,No Logo
125,4.17,No Logo
126,4.2,No Logo
127,4.23,No Logo
128,4.27,No Logo
129,4.3,No Logo
130,4.33,No Logo
131,4.37,No Logo
132,4.4,No Logo
133,4.43,No Logo
134,4.47,No Logo
135,4.5,No Logo
136,4.53,No Logo
137,4.57,No Logo
138,4.6,No Logo
139,4.63,No Logo
140,4.67,No Logo
141,4.7,No Logo
142,4.73,No Logo
143,4.77,No Logo
144,4.8,No Logo
145,4.83,No Logo
146,4.87,No Logo
147,4.9,No Logo
148,4.93,No Logo
149,4.97,No Logo
150,5.0,No Logo
151,5.03,No Logo
152,5.07,No Logo
153,5.1,No Logo
154,5.13,No Logo
155,5.17,No Logo
156,5.2,No Logo
157,5.23,No Logo
158,5.27,No Logo
159,5.3,No Logo
160,5.33,No Logo
161,5.37,No Logo
162,5.4,No Logo
163,5.43,No Logo
164,5.47,No Logo
165,5.5,No Logo
166,5.53,No Logo
167,5.57,No Logo
168,5.6,No Logo
169,5.63,No Logo
170,5.67,No Logo
171,5.7,No Logo
172,5.73,No Logo
173,5.77,No Logo
174,5.8,No Logo
175,5.83,No Logo
176,5.87,No Logo
177,5.9,No Logo
178,5.93,No Logo
179,5.97,No Logo
180,6.0,No Logo
181,6.03,No Logo
182,6.07,No Logo
183,6.1,No Logo
184,6.13,No Logo
185,6.17,No Logo
186,6.2,No Logo
187,6.23,No Logo
188,6.27,No Logo
189,6.3,No Logo
190,6.33,No Logo
191,6.37,No Logo
192,6.4,No Logo
193,6.43,No Logo
194,6.47,No Logo
195,6.5,No Logo
196,6.53,No Logo
197,6.57,No Logo
198,6.6,No Logo
199,6.63,No Logo
200,6.67,No Logo
201,6.7,No Logo
202,6.73,No Logo
203,6.77,No Logo
204,6.8,No Logo
205,6.83,No Logo
206,6.87,No Logo
207,6.9,No Logo
208,6.93,No Logo
209,6.97,No Logo
210,7.0,No Logo
211,7.03,No Logo
212,7.07,No Logo
213,7.1,No Logo
214,7.13,No Logo
215,7.17,No Logo
216,7.2,No Logo
217,7.23,No Logo
218,7.27,No Logo
219,7.3,No Logo
220,7.33,No Logo
221,7.37,No Logo
222,7.4,No Logo
223,7.43,No Logo
224,7.47,Fully Visible
225,7.5,Fully Visible
226,7.53,Fully Visible
227,7.57,Fully Visible
228,7.6,Fully Visible
229,7.63,Fully Visible
230,7.67,Fully Visible
231,7.7,Fully Visible
232,7.73,Fully Visible
233,7.77,Fully Visible
234,7.8,Fully Visible
235,7.83,Fully Visible
236,7.87,Fully Visible
237,7.9,Fully Visible
238,7.93,Fully Visible
239,7.97,Fully Visible
240,8.0,Fully Visible
241,8.03,Fully Visible
242,8.07,Fully Visible
243,8.1,Fully Visible
244,8.13,Fully Visible
245,8.17,No Logo
246,8.2,No Logo
247,8.23,No Logo
248,8.27,No Logo
249,8.3,No Logo
250,8.33,No Logo
251,8.37,No Logo
252,8.4,No Logo
253,8.43,No Logo
254,8.47,No Logo
255,8.5,No Logo
256,8.53,No Logo
257,8.57,No Logo
258,8.6,No Logo
259,8.63,No Logo
260,8.67,No Logo
261,8.7,No Logo
262,8.73,No Logo
263,8.77,No Logo
264,8.8,No Logo
265,8.83,No Logo
266,8.87,No Logo
267,8.9,No Logo
268,8.93,No Logo
269,8.97,No Logo
270,9.0,No Logo
271,9.03,No Logo
272,9.07,No Logo
273,9.1,No Logo
274,9.13,No Logo
275,9.17,No Logo
276,9.2,No Logo
277,9.23,No Logo
278,9.27,No Logo
279,9.3,No Logo
280,9.33,No Logo
281,9.37,No Logo
282,9.4,No Logo
283,9.43,No Logo
284,9.47,No Logo
285,9.5,No Logo
286,9.53,No Logo
287,9.57,No Logo
288,9.6,No Logo
289,9.63,No Logo
290,9.67,No Logo
291,9.7,No Logo
292,9.73,No Logo
293,9.77,No Logo
294,9.8,No Logo
295,9.83,No Logo
296,9.87,No Logo
297,9.9,No Logo
298,9.93,No Logo
299,9.97,No Logo
300,10.0,No Logo
301,10.03,No Logo
302,10.07,No Logo
303,10.1,No Logo
304,10.13,No Logo
305,10.17,No Logo
306,10.2,No Logo
307,10.23,No Logo
308,10.27,No Logo
309,10.3,No Logo
310,10.33,No Logo
311,10.37,No Logo
312,10.4,No Logo
313,10.43,No Logo
314,10.47,No Logo
315,10.5,No Logo
316,10.53,No Logo
317,10.57,No Logo
318,10.6,No Logo
319,10.63,No Logo
320,10.67,No Logo
321,10.7,No Logo
322,10.73,No Logo
323,10.77,No Logo
324,10.8,No Logo
325,10.83,No Logo
326,10.87,Fully Visible
327,10.9,Fully Visible
328,10.93,Fully Visible
329,10.97,Fully Visible
330,11.0,Fully Visible
331,11.03,Fully Visible
332,11.07,Fully Visible
333,11.1,Fully Visible
334,11.13,Fully Visible
335,11.17,No Logo
336,11.2,Fully Visible
337,11.23,Fully Visible
338,11.27,Fully Visible
339,11.3,Fully Visible
340,11.33,No Logo
341,11.37,No Logo
342,11.4,Fully Visible
343,11.43,Fully Visible
344,11.47,No Logo
345,11.5,No Logo
346,11.53,No Logo
347,11.57,No Logo
348,11.6,No Logo
349,11.63,No Logo
350,11.67,No Logo
351,11.7,No Logo
352,11.73,No Logo
353,11.77,No Logo
354,11.8,No Logo
355,11.83,No Logo
356,11.87,No Logo
357,11.9,No Logo
358,11.93,No Logo
359,11.97,No Logo
360,12.0,No Logo
361,12.03,No Logo
362,12.07,No Logo
363,12.1,No Logo
364,12.13,No Logo
365,12.17,No Logo
366,12.2,No Logo
367,12.23,No Logo
368,12.27,No Logo
369,12.3,No Logo
370,12.33,No Logo
371,12.37,No Logo
372,12.4,No Logo
373,12.43,No Logo
374,12.47,No Logo
375,12.5,No Logo
376,12.53,No Logo
377,12.57,No Logo
378,12.6,No Logo
379,12.63,No Logo
380,12.67,No Logo
381,12.7,No Logo
382,12.73,No Logo
383,12.77,No Logo
384,12.8,No Logo
385,12.83,No Logo
386,12.87,No Logo
387,12.9,No Logo
388,12.93,No Logo
389,12.97,No Logo
390,13.0,No Logo
391,13.03,No Logo
392,13.07,No Logo
393,13.1,No Logo
394,13.13,Partially Visible
395,13.17,No Logo
396,13.2,No Logo
397,13.23,No Logo
398,13.27,No Logo
399,13.3,No Logo
400,13.33,No Logo
401,13.37,Partially Visible
402,13.4,No Logo
403,13.43,No Logo
404,13.47,No Logo
405,13.5,No Logo
406,13.53,No Logo
407,13.57,Partially Visible
408,13.6,No Logo
409,13.63,No Logo
410,13.67,No Logo
411,13.7,No Logo
412,13.73,No Logo
413,13.77,No Logo
414,13.8,No Logo
415,13.83,No Logo
416,13.87,No Logo
417,13.9,No Logo
418,13.93,No Logo
419,13.97,No Logo
420,14.0,No Logo
421,14.03,No Logo
422,14.07,No Logo
423,14.1,No Logo
424,14.13,No Logo
425,14.17,No Logo
426,14.2,No Logo
427,14.23,No Logo
428,14.27,No Logo
429,14.3,No Logo
430,14.33,No Logo
431,14.37,No Logo
432,14.4,No Logo
433,14.43,No Logo
434,14.47,No Logo
435,14.5,No Logo
436,14.53,No Logo
437,14.57,No Logo
438,14.6,No Logo
439,14.63,No Logo
440,14.67,No Logo
441,14.7,No Logo
442,14.73,No Logo
443,14.77,No Logo
444,14.8,No Logo
445,14.83,No Logo
446,14.87,No Logo
447,14.9,No Logo
448,14.93,No Logo
449,14.97,No Logo
450,15.0,No Logo
451,15.03,No Logo
452,15.07,No Logo
453,15.1,No Logo
454,15.13,No Logo
455,15.17,No Logo
456,15.2,No Logo
457,15.23,No Logo
458,15.27,No Logo
459,15.3,No Logo
460,15.33,No Logo
461,15.37,No Logo
462,15.4,No Logo
463,15.43,No Logo
464,15.47,No Logo
465,15.5,No Logo
466,15.53,No Logo
467,15.57,Fully Visible
468,15.6,No Logo
469,15.63,No Logo
470,15.67,Fully Visible
471,15.7,Fully Visible
472,15.73,Fully Visible
473,15.77,Fully Visible
474,15.8,Fully Visible
475,15.83,Fully Visible
476,15.87,Fully Visible
477,15.9,Fully Visible
478,15.93,Fully Visible
479,15.97,No Logo
480,16.0,Fully Visible
481,16.03,Fully Visible
482,16.07,Fully Visible
483,16.1,Fully Visible
484,16.13,Fully Visible
485,16.17,Fully Visible
486,16.2,Fully Visible
487,16.23,Fully Visible
488,16.27,Fully Visible
489,16.3,Fully Visible
490,16.33,Fully Visible
491,16.37,Fully Visible
492,16.4,Fully Visible
493,16.43,Fully Visible
494,16.47,Fully Visible
495,16.5,Fully Visible
496,16.53,Fully Visible
497,16.57,Fully Visible
498,16.6,Fully Visible
499,16.63,Fully Visible
500,16.67,Fully Visible
501,16.7,Fully Visible
502,16.73,Fully Visible
503,16.77,Fully Visible
504,16.8,Fully Visible
505,16.83,Fully Visible
506,16.87,Fully Visible
507,16.9,Fully Visible
508,16.93,Fully Visible
509,16.97,Fully Visible
510,17.0,Fully Visible
511,17.03,Fully Visible
512,17.07,Fully Visible
513,17.1,Fully Visible
514,17.13,Fully Visible
515,17.17,Fully Visible
516,17.2,Fully Visible
517,17.23,Fully Visible
518,17.27,Fully Visible
519,17.3,Fully Visible
520,17.33,Fully Visible
521,17.37,Fully Visible
522,17.4,Fully Visible
523,17.43,Fully Visible
524,17.47,Fully Visible
525,17.5,No Logo
526,17.53,No Logo
527,17.57,Fully Visible
528,17.6,Fully Visible
529,17.63,Fully Visible
530,17.67,Fully Visible
531,17.7,Fully Visible
532,17.73,Fully Visible
533,17.77,Fully Visible
534,17.8,Fully Visible
535,17.83,Fully Visible
536,17.87,Fully Visible
537,17.9,Fully Visible
538,17.93,Fully Visible
539,17.97,Fully Visible
540,18.0,Fully Visible
541,18.03,Fully Visible
542,18.07,Fully Visible
543,18.1,Fully Visible
544,18.13,Fully Visible
545,18.17,No Logo
546,18.2,No Logo
547,18.23,No Logo
548,18.27,No Logo
549,18.3,No Logo
550,18.33,No Logo
551,18.37,No Logo
552,18.4,No Logo
553,18.43,No Logo
554,18.47,No Logo
555,18.5,No Logo
556,18.53,No Logo
557,18.57,No Logo
558,18.6,No Logo
559,18.63,No Logo
560,18.67,No Logo
561,18.7,No Logo
562,18.73,Fully Visible
563,18.77,Fully Visible
564,18.8,Fully Visible
565,18.83,Fully Visible
566,18.87,Fully Visible
567,18.9,No Logo
568,18.93,No Logo
569,18.97,No Logo
570,19.0,No Logo
571,19.03,No Logo
572,19.07,No Logo
573,19.1,No Logo
574,19.13,No Logo
575,19.17,No Logo
576,19.2,No Logo
577,19.23,No Logo
578,19.27,No Logo
579,19.3,No Logo
580,19.33,No Logo
581,19.37,No Logo
582,19.4,No Logo
583,19.43,No Logo
584,19.47,No Logo
585,19.5,No Logo
586,19.53,No Logo
587,19.57,No Logo
588,19.6,No Logo
589,19.63,No Logo
590,19.67,No Logo
591,19.7,No Logo
592,19.73,No Logo
593,19.77,No Logo
594,19.8,No Logo
595,19.83,No Logo
596,19.87,No Logo
597,19.9,No Logo
598,19.93,No Logo
599,19.97,No Logo
600,20.0,No Logo
601,20.03,No Logo
602,20.07,No Logo
603,20.1,No Logo
604,20.13,No Logo
605,20.17,No Logo
606,20.2,No Logo
607,20.23,No Logo
608,20.27,Fully Visible
609,20.3,Fully Visible
610,20.33,Fully Visible
611,20.37,Fully Visible
612,20.4,Fully Visible
613,20.43,Fully Visible
614,20.47,Fully Visible
615,20.5,Fully Visible
616,20.53,Fully Visible
617,20.57,Fully Visible
618,20.6,Fully Visible
619,20.63,Fully Visible
620,20.67,Fully Visible
621,20.7,Fully Visible
622,20.73,Fully Visible
623,20.77,Fully Visible
624,20.8,No Logo
625,20.83,No Logo
626,20.87,Fully Visible
627,20.9,No Logo
628,20.93,No Logo
629,20.97,No Logo
630,21.0,No Logo
631,21.03,No Logo
632,21.07,No Logo
633,21.1,No Logo
634,21.13,No Logo
635,21.17,No Logo
636,21.2,No Logo
637,21.23,No Logo
638,21.27,No Logo
639,21.3,No Logo
640,21.33,No Logo
641,21.37,No Logo
642,21.4,No Logo
643,21.43,No Logo
644,21.47,No Logo
645,21.5,No Logo
646,21.53,No Logo
647,21.57,No Logo
648,21.6,No Logo
649,21.63,No Logo
650,21.67,No Logo
651,21.7,No Logo
652,21.73,No Logo
653,21.77,No Logo
654,21.8,No Logo
655,21.83,No Logo
656,21.87,No Logo
657,21.9,No Logo
658,21.93,No Logo
659,21.97,No Logo
660,22.0,No Logo
661,22.03,No Logo
662,22.07,No Logo
663,22.1,No Logo
664,22.13,No Logo
665,22.17,No Logo
666,22.2,No Logo
667,22.23,No Logo
668,22.27,No Logo
669,22.3,No Logo
670,22.33,No Logo
671,22.37,Fully Visible
672,22.4,No Logo
673,22.43,No Logo
674,22.47,Fully Visible
675,22.5,No Logo
676,22.53,Fully Visible
677,22.57,No Logo
678,22.6,No Logo
679,22.63,No Logo
680,22.67,No Logo
681,22.7,No Logo
682,22.73,No Logo
683,22.77,No Logo
684,22.8,No Logo
685,22.83,No Logo
686,22.87,No Logo
687,22.9,No Logo
688,22.93,No Logo
689,22.97,No Logo
690,23.0,No Logo
691,23.03,No Logo
692,23.07,No Logo
693,23.1,No Logo
694,23.13,No Logo
695,23.17,No Logo
696,23.2,No Logo
697,23.23,No Logo
698,23.27,No Logo
699,23.3,No Logo
700,23.33,No Logo
701,23.37,No Logo
702,23.4,No Logo
703,23.43,No Logo
704,23.47,No Logo
705,23.5,No Logo
706,23.53,No Logo
707,23.57,No Logo
708,23.6,No Logo
709,23.63,No Logo
710,23.67,No Logo
711,23.7,No Logo
712,23.73,No Logo
713,23.77,No Logo
714,23.8,No Logo
715,23.83,No Logo
716,23.87,No Logo
717,23.9,No Logo
718,23.93,No Logo
719,23.97,No Logo
720,24.0,No Logo
721,24.03,No Logo
722,24.07,No Logo
723,24.1,No Logo
724,24.13,No Logo
725,24.17,No Logo
726,24.2,No Logo
727,24.23,No Logo
728,24.27,No Logo
729,24.3,No Logo
730,24.33,No Logo
731,24.37,No Logo
732,24.4,No Logo
733,24.43,No Logo
734,24.47,No Logo
735,24.5,No Logo
736,24.53,Fully Visible
737,24.57,Fully Visible
738,24.6,Fully Visible
739,24.63,Fully Visible
740,24.67,Fully Visible
741,24.7,Fully Visible
742,24.73,Fully Visible
743,24.77,No Logo
744,24.8,No Logo
745,24.83,No Logo
746,24.87,No Logo
747,24.9,No Logo
748,24.93,No Logo
749,24.97,No Logo
750,25.0,No Logo
751,25.03,No Logo
752,25.07,No Logo
753,25.1,No Logo
754,25.13,No Logo
755,25.17,No Logo
756,25.2,No Logo
757,25.23,No Logo
758,25.27,No Logo
759,25.3,No Logo
760,25.33,No Logo
761,25.37,No Logo
762,25.4,No Logo
763,25.43,No Logo
764,25.47,No Logo
765,25.5,No Logo
766,25.53,No Logo
767,25.57,No Logo
768,25.6,No Logo
769,25.63,No Logo
770,25.67,No Logo
771,25.7,No Logo
772,25.73,No Logo
773,25.77,No Logo
774,25.8,No Logo
775,25.83,No Logo
776,25.87,No Logo
777,25.9,No Logo
778,25.93,No Logo
779,25.97,No Logo
780,26.0,No Logo
781,26.03,No Logo
782,26.07,No Logo
783,26.1,No Logo
784,26.13,No Logo
785,26.17,No Logo
786,26.2,No Logo
787,26.23,No Logo
788,26.27,No Logo
789,26.3,No Logo
790,26.33,No Logo
791,26.37,No Logo
792,26.4,No Logo
793,26.43,No Logo
794,26.47,No Logo
795,26.5,No Logo
796,26.53,No Logo
797,26.57,No Logo
798,26.6,No Logo
799,26.63,No Logo
800,26.67,No Logo
801,26.7,No Logo
802,26.73,No Logo
803,26.77,No Logo
804,26.8,No Logo
805,26.83,No Logo
806,26.87,No Logo
807,26.9,No Logo
808,26.93,No Logo
809,26.97,No Logo
810,27.0,No Logo
811,27.03,No Logo
812,27.07,No Logo
813,27.1,No Logo
814,27.13,No Logo
815,27.17,No Logo
816,27.2,No Logo
817,27.23,No Logo
818,27.27,No Logo
819,27.3,No Logo
820,27.33,No Logo
821,27.37,No Logo
822,27.4,No Logo
823,27.43,No Logo
824,27.47,No Logo
825,27.5,No Logo
826,27.53,No Logo
827,27.57,No Logo
828,27.6,No Logo
829,27.63,No Logo
830,27.67,No Logo
831,27.7,No Logo
832,27.73,No Logo
833,27.77,No Logo
834,27.8,No Logo
835,27.83,No Logo
836,27.87,No Logo
837,27.9,No Logo
838,27.93,No Logo
839,27.97,No Logo
840,28.0,No Logo
841,28.03,No Logo
842,28.07,No Logo
843,28.1,No Logo
844,28.13,No Logo
845,28.17,No Logo
846,28.2,No Logo
847,28.23,No Logo
848,28.27,No Logo
849,28.3,No Logo
850,28.33,No Logo
851,28.37,No Logo
852,28.4,No Logo
853,28.43,No Logo
854,28.47,No Logo
855,28.5,No Logo
856,28.53,No Logo
857,28.57,No Logo
858,28.6,No Logo
859,28.63,No Logo
860,28.67,No Logo
861,28.7,No Logo
862,28.73,No Logo
863,28.77,No Logo
864,28.8,No Logo
865,28.83,No Logo
866,28.87,No Logo
867,28.9,No Logo
868,28.93,Fully Visible
869,28.97,No Logo
870,29.0,Fully Visible
871,29.03,Fully Visible
872,29.07,Fully Visible
873,29.1,Fully Visible
874,29.13,Fully Visible
875,29.17,Fully Visible
876,29.2,Fully Visible
877,29.23,Fully Visible
878,29.27,Fully Visible
879,29.3,Fully Visible
880,29.33,Fully Visible
881,29.37,Fully Visible
882,29.4,Fully Visible
883,29.43,Fully Visible
884,29.47,Fully Visible
885,29.5,Fully Visible
886,29.53,Fully Visible
887,29.57,Fully Visible
888,29.6,Fully Visible
889,29.63,Fully Visible
890,29.67,Fully Visible
891,29.7,No Logo
892,29.73,No Logo
893,29.77,No Logo
894,29.8,No Logo
895,29.83,No Logo
896,29.87,No Logo
897,29.9,No Logo
898,29.93,No Logo
899,29.97,No Logo
900,30.0,No Logo
901,30.03,No Logo
902,30.07,No Logo
903,30.1,No Logo
904,30.13,No Logo
905,30.17,No Logo
906,30.2,No Logo
907,30.23,No Logo
908,30.27,No Logo
909,30.3,No Logo
910,30.33,No Logo
911,30.37,No Logo
912,30.4,No Logo
913,30.43,No Logo
914,30.47,No Logo
915,30.5,No Logo
916,30.53,No Logo
917,30.57,No Logo
918,30.6,No Logo
919,30.63,No Logo
920,30.67,No Logo
921,30.7,No Logo
922,30.73,No Logo
923,30.77,No Logo
924,30.8,No Logo
925,30.83,No Logo
926,30.87,No Logo
927,30.9,No Logo
928,30.93,No Logo
929,30.97,No Logo
930,31.0,No Logo
931,31.03,No Logo
932,31.07,No Logo
933,31.1,No Logo
934,31.13,No Logo
935,31.17,No Logo
936,31.2,No Logo
937,31.23,No Logo
938,31.27,No Logo
939,31.3,No Logo
940,31.33,No Logo
941,31.37,No Logo
942,31.4,No Logo
943,31.43,No Logo
944,31.47,No Logo
945,31.5,No Logo
946,31.53,No Logo
947,31.57,No Logo
948,31.6,No Logo
949,31.63,No Logo
950,31.67,No Logo
951,31.7,No Logo
952,31.73,No Logo
953,31.77,No Logo
954,31.8,No Logo
955,31.83,No Logo
956,31.87,No Logo
957,31.9,No Logo
958,31.93,No Logo
959,31.97,No Logo
960,32.0,No Logo
961,32.03,No Logo
962,32.07,No Logo
963,32.1,No Logo
964,32.13,No Logo
965,32.17,No Logo
966,32.2,No Logo
967,32.23,No Logo
968,32.27,No Logo
969,32.3,No Logo
970,32.33,No Logo
971,32.37,No Logo
972,32.4,No Logo
973,32.43,No Logo
974,32.47,No Logo
975,32.5,No Logo
976,32.53,No Logo
977,32.57,No Logo
978,32.6,No Logo
979,32.63,No Logo
980,32.67,No Logo
981,32.7,No Logo
982,32.73,No Logo
983,32.77,No Logo
984,32.8,No Logo
985,32.83,No Logo
986,32.87,No Logo
987,32.9,No Logo
988,32.93,No Logo
989,32.97,No Logo
990,33.0,No Logo
991,33.03,No Logo
992,33.07,No Logo
993,33.1,No Logo
994,33.13,No Logo
995,33.17,No Logo
996,33.2,No Logo
997,33.23,No Logo
998,33.27,No Logo
999,33.3,No Logo
1000,33.33,No Logo
1001,33.37,No Logo
1002,33.4,No Logo
1003,33.43,No Logo
1004,33.47,No Logo
1005,33.5,No Logo
1006,33.53,No Logo
1007,33.57,No Logo
1008,33.6,No Logo
1009,33.63,No Logo
1010,33.67,No Logo
1011,33.7,No Logo
1012,33.73,No Logo
1013,33.77,No Logo
1014,33.8,No Logo
1015,33.83,No Logo
1016,33.87,No Logo
1017,33.9,No Logo
1018,33.93,No Logo
1019,33.97,No Logo
1020,34.0,No Logo
1021,34.03,No Logo
1022,34.07,No Logo
1023,34.1,No Logo
1024,34.13,No Logo
1025,34.17,No Logo
1026,34.2,No Logo
1027,34.23,No Logo
1028,34.27,No Logo
1029,34.3,No Logo
1030,34.33,No Logo
1031,34.37,No Logo
1032,34.4,No Logo
1033,34.43,No Logo
1034,34.47,No Logo
1035,34.5,No Logo
1036,34.53,No Logo
1037,34.57,No Logo
1038,34.6,No Logo
1039,34.63,No Logo
1040,34.67,No Logo
1041,34.7,No Logo
1042,34.73,No Logo
1043,34.77,No Logo
1044,34.8,No Logo
1045,34.83,No Logo
1046,34.87,No Logo
1047,34.9,No Logo
1048,34.93,No Logo
1049,34.97,No Logo
1050,35.0,No Logo
1051,35.03,No Logo
1052,35.07,No Logo
1053,35.1,No Logo
1054,35.13,No Logo
1055,35.17,No Logo
1056,35.2,No Logo
1057,35.23,No Logo
1058,35.27,No Logo
1059,35.3,No Logo
1060,35.33,No Logo
1061,35.37,No Logo
1062,35.4,No Logo
1063,35.43,No Logo
1064,35.47,No Logo
1065,35.5,No Logo
1066,35.53,No Logo
1067,35.57,No Logo
1068,35.6,No Logo
1069,35.63,No Logo
1070,35.67,No Logo
1071,35.7,No Logo
1072,35.73,No Logo
1073,35.77,No Logo
1074,35.8,No Logo
1075,35.83,No Logo
1076,35.87,No Logo
1077,35.9,No Logo
1078,35.93,No Logo
1079,35.97,No Logo
1080,36.0,No Logo
1081,36.03,No Logo
1082,36.07,No Logo
1083,36.1,No Logo
1084,36.13,No Logo
1085,36.17,No Logo
1086,36.2,No Logo
1087,36.23,No Logo
1088,36.27,No Logo
1089,36.3,No Logo
1090,36.33,No Logo
1091,36.37,No Logo
1092,36.4,No Logo
1093,36.43,No Logo
1094,36.47,No Logo
1095,36.5,No Logo
1096,36.53,No Logo
1097,36.57,No Logo
1098,36.6,No Logo
1099,36.63,No Logo
1100,36.67,No Logo
1101,36.7,No Logo
1102,36.73,No Logo
1103,36.77,No Logo
1104,36.8,No Logo
1105,36.83,No Logo
1106,36.87,No Logo
1107,36.9,No Logo
1108,36.93,No Logo
1109,36.97,No Logo
1110,37.0,No Logo
1111,37.03,No Logo
1112,37.07,No Logo
1113,37.1,No Logo
1114,37.13,No Logo
1115,37.17,No Logo
1116,37.2,No Logo
1117,37.23,No Logo
1118,37.27,No Logo
1119,37.3,No Logo
1120,37.33,No Logo
1121,37.37,No Logo
1122,37.4,No Logo
1123,37.43,No Logo
1124,37.47,No Logo
1125,37.5,No Logo
1126,37.53,No Logo
1127,37.57,No Logo
1128,37.6,No Logo
1129,37.63,No Logo
1130,37.67,No Logo
1131,37.7,No Logo
1132,37.73,No Logo
1133,37.77,No Logo
1134,37.8,No Logo
1135,37.83,No Logo
1136,37.87,No Logo
1137,37.9,No Logo
1138,37.93,No Logo
1139,37.97,No Logo
1140,38.0,No Logo
1141,38.03,No Logo
1142,38.07,No Logo
1143,38.1,No Logo
1144,38.13,No Logo
1145,38.17,No Logo
1146,38.2,No Logo
1147,38.23,No Logo
1148,38.27,No Logo
1149,38.3,No Logo
1150,38.33,No Logo
1151,38.37,No Logo
1152,38.4,No Logo
1153,38.43,No Logo
1154,38.47,No Logo
1155,38.5,No Logo
1156,38.53,No Logo
1157,38.57,No Logo
1158,38.6,No Logo
1159,38.63,No Logo
1160,38.67,No Logo
1161,38.7,No Logo
1162,38.73,No Logo
1163,38.77,No Logo
1164,38.8,No Logo
1165,38.83,No Logo
1166,38.87,No Logo
1167,38.9,No Logo
1168,38.93,No Logo
1169,38.97,No Logo
1170,39.0,No Logo
1171,39.03,No Logo
1172,39.07,No Logo
1173,39.1,No Logo
1174,39.13,No Logo
1175,39.17,No Logo
1176,39.2,No Logo
1177,39.23,No Logo
1178,39.27,No Logo
1179,39.3,No Logo
1180,39.33,No Logo
1181,39.37,No Logo
1182,39.4,No Logo
1183,39.43,No Logo
1184,39.47,No Logo
1185,39.5,No Logo
1186,39.53,No Logo
1187,39.57,No Logo
1188,39.6,No Logo
1189,39.63,No Logo
1190,39.67,No Logo
1191,39.7,No Logo
1192,39.73,No Logo
1193,39.77,No Logo
1194,39.8,No Logo
1195,39.83,No Logo
1196,39.87,No Logo
1197,39.9,No Logo
1198,39.93,No Logo
1199,39.97,No Logo
1200,40.0,No Logo
1201,40.03,No Logo
1202,40.07,No Logo
1203,40.1,No Logo
1204,40.13,No Logo
1205,40.17,No Logo
1206,40.2,No Logo
1207,40.23,No Logo
1208,40.27,No Logo
1209,40.3,No Logo
1210,40.33,No Logo
1211,40.37,No Logo
1212,40.4,No Logo
1213,40.43,No Logo
1214,40.47,No Logo
1215,40.5,No Logo
1216,40.53,No Logo
1217,40.57,No Logo
1218,40.6,No Logo
1219,40.63,No Logo
1220,40.67,No Logo
1221,40.7,No Logo
1222,40.73,No Logo
1223,40.77,No Logo
1224,40.8,No Logo
1225,40.83,No Logo
1226,40.87,No Logo
1227,40.9,No Logo
1228,40.93,No Logo
1229,40.97,No Logo
1230,41.0,No Logo
1231,41.03,No Logo
1232,41.07,No Logo
1233,41.1,No Logo
1234,41.13,No Logo
1235,41.17,No Logo
1236,41.2,No Logo
1237,41.23,No Logo
1238,41.27,No Logo
1239,41.3,No Logo
1240,41.33,No Logo
1241,41.37,No Logo
1242,41.4,No Logo
1243,41.43,No Logo
1244,41.47,No Logo
1245,41.5,No Logo
1246,41.53,No Logo
1247,41.57,No Logo
1248,41.6,No Logo
1249,41.63,No Logo
1250,41.67,No Logo
1251,41.7,No Logo
1252,41.73,No Logo
1253,41.77,No Logo
1254,41.8,No Logo
1255,41.83,No Logo
1256,41.87,No Logo
1257,41.9,No Logo
1258,41.93,No Logo
1259,41.97,No Logo
1260,42.0,No Logo
1261,42.03,No Logo
1262,42.07,No Logo
1263,42.1,No Logo
1264,42.13,No Logo
1265,42.17,No Logo
1266,42.2,No Logo
1267,42.23,No Logo
1268,42.27,No Logo
1269,42.3,No Logo
1270,42.33,No Logo
1271,42.37,No Logo
1272,42.4,No Logo
1273,42.43,No Logo
1274,42.47,No Logo
1275,42.5,No Logo
1276,42.53,No Logo
1277,42.57,No Logo
1278,42.6,No Logo
1279,42.63,No Logo
1280,42.67,No Logo
1281,42.7,No Logo
1282,42.73,No Logo
1283,42.77,No Logo
1284,42.8,No Logo
1285,42.83,No Logo
1286,42.87,No Logo
1287,42.9,No Logo
1288,42.93,No Logo
1289,42.97,No Logo
1290,43.0,No Logo
1291,43.03,No Logo
1292,43.07,No Logo
1293,43.1,No Logo
1294,43.13,No Logo
1295,43.17,No Logo
1296,43.2,No Logo
1297,43.23,No Logo
1298,43.27,No Logo
1299,43.3,No Logo
1300,43.33,No Logo
1301,43.37,No Logo
1302,43.4,No Logo
1303,43.43,No Logo
1304,43.47,No Logo
1305,43.5,No Logo
1306,43.53,No Logo
1307,43.57,No Logo
1308,43.6,No Logo
1309,43.63,No Logo
1310,43.67,No Logo
1311,43.7,No Logo
1312,43.73,No Logo
1313,43.77,No Logo
1314,43.8,No Logo
1315,43.83,No Logo
1316,43.87,No Logo
1317,43.9,No Logo
1318,43.93,No Logo
1319,43.97,No Logo
1320,44.0,No Logo
1321,44.03,No Logo
1322,44.07,No Logo
1323,44.1,No Logo
1324,44.13,No Logo
1325,44.17,No Logo
1326,44.2,No Logo
1327,44.23,No Logo
1328,44.27,No Logo
1329,44.3,Fully Visible
1330,44.33,No Logo
1331,44.37,No Logo
1332,44.4,No Logo
1333,44.43,No Logo
1334,44.47,No Logo
1335,44.5,No Logo
1336,44.53,No Logo
1337,44.57,No Logo
1338,44.6,No Logo
1339,44.63,No Logo
1340,44.67,No Logo
1341,44.7,No Logo
1342,44.73,No Logo
1343,44.77,No Logo
1344,44.8,No Logo
1345,44.83,No Logo
1346,44.87,No Logo
1347,44.9,No Logo
1348,44.93,No Logo
1349,44.97,No Logo
1350,45.0,No Logo
1351,45.03,No Logo
1352,45.07,No Logo
1353,45.1,No Logo
1354,45.13,No Logo
1355,45.17,No Logo
1356,45.2,No Logo
1357,45.23,No Logo
1358,45.27,No Logo
1359,45.3,No Logo
1360,45.33,No Logo
1361,45.37,No Logo
1362,45.4,No Logo
1363,45.43,No Logo
1364,45.47,No Logo
1365,45.5,No Logo
1366,45.53,No Logo
1367,45.57,No Logo
1368,45.6,No Logo
1369,45.63,No Logo
1370,45.67,No Logo
1371,45.7,No Logo
1372,45.73,No Logo
1373,45.77,Fully Visible
1374,45.8,Fully Visible
1375,45.83,Fully Visible
1376,45.87,Fully Visible
1377,45.9,Fully Visible
1378,45.93,Fully Visible
1379,45.97,Fully Visible
1380,46.0,Fully Visible
1381,46.03,Fully Visible
1382,46.07,Fully Visible
1383,46.1,Fully Visible
1384,46.13,Fully Visible
1385,46.17,Fully Visible
1386,46.2,Fully Visible
1387,46.23,Fully Visible
1388,46.27,No Logo
1389,46.3,Fully Visible
1390,46.33,Fully Visible
1391,46.37,Fully Visible
1392,46.4,Fully Visible
1393,46.43,Fully Visible
1394,46.47,Fully Visible
1395,46.5,Fully Visible
1396,46.53,Fully Visible
1397,46.57,Fully Visible
1398,46.6,Fully Visible
1399,46.63,Fully Visible
1400,46.67,Fully Visible
1401,46.7,Fully Visible
1402,46.73,Fully Visible
1403,46.77,Fully Visible
1404,46.8,Fully Visible
1405,46.83,Fully Visible
1406,46.87,Fully Visible
1407,46.9,No Logo
1408,46.93,No Logo
1409,46.97,No Logo
1410,47.0,No Logo
1411,47.03,No Logo
1412,47.07,No Logo
1413,47.1,No Logo
1414,47.13,No Logo
1415,47.17,No Logo
1416,47.2,No Logo
1417,47.23,No Logo
1418,47.27,No Logo
1419,47.3,No Logo
1420,47.33,No Logo
1421,47.37,No Logo
1422,47.4,No Logo
1423,47.43,No Logo
1424,47.47,No Logo
1425,47.5,No Logo
1426,47.53,No Logo
1427,47.57,No Logo
1428,47.6,No Logo
1429,47.63,No Logo
1430,47.67,No Logo
1431,47.7,No Logo
1432,47.73,No Logo
1433,47.77,No Logo
1434,47.8,No Logo
1435,47.83,No Logo
1436,47.87,No Logo
1437,47.9,No Logo
1438,47.93,No Logo
1439,47.97,No Logo
1440,48.0,No Logo
1441,48.03,No Logo
1442,48.07,No Logo
1443,48.1,No Logo
1444,48.13,No Logo
1445,48.17,No Logo
1446,48.2,No Logo
1447,48.23,No Logo
1448,48.27,No Logo
1449,48.3,No Logo
1450,48.33,No Logo
1451,48.37,No Logo
1452,48.4,No Logo
1453,48.43,No Logo
1454,48.47,No Logo
1455,48.5,No Logo
1456,48.53,No Logo
1457,48.57,No Logo
1458,48.6,No Logo
1459,48.63,No Logo
1460,48.67,No Logo
1461,48.7,No Logo
1462,48.73,No Logo
1463,48.77,No Logo
1464,48.8,No Logo
1465,48.83,No Logo
1466,48.87,No Logo
1467,48.9,No Logo
1468,48.93,No Logo
1469,48.97,No Logo
1470,49.0,No Logo
1471,49.03,No Logo
1472,49.07,No Logo
1473,49.1,No Logo
1474,49.13,No Logo
1475,49.17,No Logo
1476,49.2,No Logo
1477,49.23,No Logo
1478,49.27,No Logo
1479,49.3,No Logo
1480,49.33,No Logo
1481,49.37,No Logo
1482,49.4,No Logo
1483,49.43,No Logo
1484,49.47,No Logo
1485,49.5,No Logo
1486,49.53,No Logo
1487,49.57,No Logo
1488,49.6,No Logo
1489,49.63,No Logo
1490,49.67,No Logo
1491,49.7,No Logo
1492,49.73,No Logo
1493,49.77,No Logo
1494,49.8,No Logo
1495,49.83,No Logo
1496,49.87,No Logo
1497,49.9,No Logo
1498,49.93,No Logo
1499,49.97,No Logo
1500,50.0,No Logo
1501,50.03,No Logo
1502,50.07,No Logo
1503,50.1,No Logo
1504,50.13,No Logo
1505,50.17,No Logo
1506,50.2,No Logo
1507,50.23,No Logo
1508,50.27,No Logo
1509,50.3,No Logo
1510,50.33,No Logo
1511,50.37,No Logo
1512,50.4,No Logo
1513,50.43,No Logo
1514,50.47,No Logo
1515,50.5,Fully Visible
1516,50.53,Fully Visible
1517,50.57,Fully Visible
1518,50.6,Fully Visible
1519,50.63,Fully Visible
1520,50.67,Fully Visible
1521,50.7,Fully Visible
1522,50.73,Fully Visible
1523,50.77,Fully Visible
1524,50.8,Fully Visible
1525,50.83,Fully Visible
1526,50.87,Fully Visible
1527,50.9,Fully Visible
1528,50.93,No Logo
1529,50.97,Fully Visible
1530,51.0,Fully Visible
1531,51.03,Fully Visible
1532,51.07,No Logo
1533,51.1,No Logo
1534,51.13,No Logo
1535,51.17,No Logo
1536,51.2,No Logo
1537,51.23,No Logo
1538,51.27,No Logo
1539,51.3,No Logo
1540,51.33,No Logo
1541,51.37,No Logo
1542,51.4,No Logo
1543,51.43,No Logo
1544,51.47,No Logo
1545,51.5,No Logo
1546,51.53,No Logo
1547,51.57,No Logo
1548,51.6,No Logo
1549,51.63,No Logo
1550,51.67,No Logo
1551,51.7,No Logo
1552,51.73,No Logo
1553,51.77,No Logo
1554,51.8,No Logo
1555,51.83,No Logo
1556,51.87,No Logo
1557,51.9,No Logo
1558,51.93,No Logo
1559,51.97,Partially Visible
1560,52.0,No Logo
1561,52.03,No Logo
1562,52.07,No Logo
1563,52.1,No Logo
1564,52.13,No Logo
1565,52.17,No Logo
1566,52.2,No Logo
1567,52.23,No Logo
1568,52.27,No Logo
1569,52.3,No Logo
1570,52.33,No Logo
1571,52.37,No Logo
1572,52.4,No Logo
1573,52.43,No Logo
1574,52.47,No Logo
1575,52.5,No Logo
1576,52.53,No Logo
1577,52.57,No Logo
1578,52.6,No Logo
1579,52.63,No Logo
1580,52.67,No Logo
1581,52.7,No Logo
1582,52.73,No Logo
1583,52.77,No Logo
1584,52.8,No Logo
1585,52.83,No Logo
1586,52.87,No Logo
1587,52.9,No Logo
1588,52.93,No Logo
1589,52.97,No Logo
1590,53.0,No Logo
1591,53.03,No Logo
1592,53.07,No Logo
1593,53.1,No Logo
1594,53.13,No Logo
1595,53.17,No Logo
1596,53.2,No Logo
1597,53.23,No Logo
1598,53.27,No Logo
1599,53.3,No Logo
1600,53.33,No Logo
1601,53.37,No Logo
1602,53.4,No Logo
1603,53.43,No Logo
1604,53.47,No Logo
1605,53.5,No Logo
1606,53.53,No Logo
1607,53.57,No Logo
1608,53.6,No Logo
1609,53.63,No Logo
1610,53.67,No Logo
1611,53.7,No Logo
1612,53.73,No Logo
1613,53.77,No Logo
1614,53.8,No Logo
1615,53.83,No Logo
1616,53.87,No Logo
1617,53.9,No Logo
1618,53.93,No Logo
1619,53.97,No Logo
1620,54.0,No Logo
1621,54.03,No Logo
1622,54.07,No Logo
1623,54.1,No Logo
1624,54.13,No Logo
1625,54.17,No Logo
1626,54.2,No Logo
1627,54.23,No Logo
1628,54.27,No Logo
1629,54.3,No Logo
1630,54.33,No Logo
1631,54.37,No Logo
1632,54.4,No Logo
1633,54.43,No Logo
1634,54.47,No Logo
1635,54.5,No Logo
1636,54.53,No Logo
1637,54.57,No Logo
1638,54.6,No Logo
1639,54.63,No Logo
1640,54.67,No Logo
1641,54.7,No Logo
1642,54.73,No Logo
1643,54.77,No Logo
1644,54.8,No Logo
1645,54.83,No Logo
1646,54.87,No Logo
1647,54.9,No Logo
1648,54.93,No Logo
1649,54.97,No Logo
1650,55.0,No Logo
1651,55.03,No Logo
1652,55.07,No Logo
1653,55.1,No Logo
1654,55.13,No Logo
1655,55.17,No Logo
1656,55.2,No Logo
1657,55.23,No Logo
1658,55.27,No Logo
1659,55.3,No Logo
1660,55.33,No Logo
1661,55.37,No Logo
1662,55.4,No Logo
1663,55.43,No Logo
1664,55.47,No Logo
1665,55.5,No Logo
1666,55.53,No Logo
1667,55.57,No Logo
1668,55.6,No Logo
1669,55.63,No Logo
1670,55.67,No Logo
1671,55.7,No Logo
1672,55.73,No Logo
1673,55.77,No Logo
1674,55.8,No Logo
1675,55.83,No Logo
1676,55.87,No Logo
1677,55.9,No Logo
1678,55.93,No Logo
1679,55.97,No Logo
1680,56.0,No Logo
1681,56.03,No Logo
1682,56.07,No Logo
1683,56.1,No Logo
1684,56.13,No Logo
1685,56.17,No Logo
1686,56.2,No Logo
1687,56.23,No Logo
1688,56.27,No Logo
1689,56.3,No Logo
1690,56.33,No Logo
1691,56.37,No Logo
1692,56.4,No Logo
1693,56.43,No Logo
1694,56.47,No Logo
1695,56.5,No Logo
1696,56.53,No Logo
1697,56.57,No Logo
1698,56.6,No Logo
1699,56.63,No Logo
1700,56.67,No Logo
1701,56.7,No Logo
1702,56.73,No Logo
1703,56.77,No Logo
1704,56.8,No Logo
1705,56.83,No Logo
1706,56.87,No Logo
1707,56.9,No Logo
1708,56.93,No Logo
1709,56.97,No Logo
1710,57.0,No Logo
1711,57.03,No Logo
1712,57.07,No Logo
1713,57.1,No Logo
1714,57.13,No Logo
1715,57.17,No Logo
1716,57.2,No Logo
1717,57.23,No Logo
1718,57.27,No Logo
1719,57.3,No Logo
1720,57.33,No Logo
1721,57.37,No Logo
1722,57.4,No Logo
1723,57.43,No Logo
1724,57.47,No Logo
1725,57.5,No Logo
1726,57.53,No Logo
1727,57.57,No Logo
1728,57.6,No Logo
1729,57.63,No Logo
1730,57.67,No Logo
1731,57.7,No Logo
1732,57.73,No Logo
1733,57.77,No Logo
1734,57.8,No Logo
1735,57.83,No Logo
1736,57.87,No Logo
1737,57.9,No Logo
1738,57.93,No Logo
1739,57.97,Fully Visible
1740,58.0,No Logo
1741,58.03,No Logo
1742,58.07,No Logo
1743,58.1,No Logo
1744,58.13,No Logo
1745,58.17,No Logo
1746,58.2,No Logo
1747,58.23,No Logo
1748,58.27,No Logo
1749,58.3,No Logo
1750,58.33,No Logo
1751,58.37,No Logo
1752,58.4,No Logo
1753,58.43,No Logo
1754,58.47,No Logo
1755,58.5,No Logo
1756,58.53,No Logo
1757,58.57,No Logo
1758,58.6,No Logo
1759,58.63,No Logo
1760,58.67,No Logo
1761,58.7,No Logo
1762,58.73,No Logo
1763,58.77,No Logo
1764,58.8,No Logo
1765,58.83,No Logo
1766,58.87,No Logo
1767,58.9,No Logo
1768,58.93,No Logo
1769,58.97,No Logo
1770,59.0,No Logo
1771,59.03,No Logo
1772,59.07,No Logo
1773,59.1,No Logo
1774,59.13,No Logo
1775,59.17,No Logo
1776,59.2,No Logo
1777,59.23,No Logo
1778,59.27,No Logo
1779,59.3,No Logo
1780,59.33,No Logo
1781,59.37,No Logo
1782,59.4,No Logo
1783,59.43,No Logo
1784,59.47,No Logo
1785,59.5,No Logo
1786,59.53,No Logo
1787,59.57,No Logo
1788,59.6,No Logo
1789,59.63,No Logo
1790,59.67,No Logo
1791,59.7,No Logo
1792,59.73,No Logo
1793,59.77,No Logo
1794,59.8,No Logo
1795,59.83,No Logo
1796,59.87,No Logo
1797,59.9,No Logo
1798,59.93,No Logo
1799,59.97,No Logo
1800,60.0,No Logo
1801,60.03,No Logo
1802,60.07,No Logo
1803,60.1,No Logo
1804,60.13,No Logo
1805,60.17,No Logo
1806,60.2,No Logo
1807,60.23,No Logo
1808,60.27,No Logo
1809,60.3,No Logo
1810,60.33,No Logo
1811,60.37,No Logo
1812,60.4,No Logo
1813,60.43,No Logo
1814,60.47,No Logo
1815,60.5,No Logo
1816,60.53,No Logo
1817,60.57,No Logo
1818,60.6,No Logo
1819,60.63,No Logo
1820,60.67,No Logo
1821,60.7,No Logo
1822,60.73,No Logo
1823,60.77,No Logo
1824,60.8,No Logo
1825,60.83,No Logo
1826,60.87,No Logo
1827,60.9,No Logo
1828,60.93,No Logo
1829,60.97,No Logo
1830,61.0,No Logo
1831,61.03,No Logo
1832,61.07,No Logo
1833,61.1,No Logo
1834,61.13,No Logo
1835,61.17,No Logo
1836,61.2,No Logo
1837,61.23,No Logo
1838,61.27,No Logo
1839,61.3,No Logo
1840,61.33,No Logo
1841,61.37,No Logo
1842,61.4,No Logo
1843,61.43,No Logo
1844,61.47,No Logo
1845,61.5,No Logo
1846,61.53,No Logo
1847,61.57,No Logo
1848,61.6,No Logo
1849,61.63,No Logo
1850,61.67,No Logo
1851,61.7,No Logo
1852,61.73,No Logo
1853,61.77,No Logo
1854,61.8,No Logo
1855,61.83,No Logo
1856,61.87,No Logo
1857,61.9,No Logo
1858,61.93,No Logo
1859,61.97,No Logo
1860,62.0,No Logo
1861,62.03,No Logo
1862,62.07,No Logo
1863,62.1,No Logo
1864,62.13,No Logo
1865,62.17,No Logo
1866,62.2,No Logo
1867,62.23,No Logo
1868,62.27,No Logo
1869,62.3,No Logo
1870,62.33,No Logo
1871,62.37,No Logo
1872,62.4,No Logo
1873,62.43,No Logo
1874,62.47,No Logo
1875,62.5,No Logo
1876,62.53,No Logo
1877,62.57,No Logo
1878,62.6,No Logo
1879,62.63,No Logo
1880,62.67,No Logo
1881,62.7,No Logo
1882,62.73,No Logo
1883,62.77,No Logo
1884,62.8,No Logo
1885,62.83,No Logo
1886,62.87,No Logo
1887,62.9,No Logo
1888,62.93,No Logo
1889,62.97,No Logo
1890,63.0,No Logo
1891,63.03,No Logo
1892,63.07,No Logo
1893,63.1,No Logo
1894,63.13,No Logo
1895,63.17,No Logo
1896,63.2,No Logo
1897,63.23,No Logo
1898,63.27,No Logo
1899,63.3,No Logo
1900,63.33,No Logo
1901,63.37,No Logo
1902,63.4,No Logo
1903,63.43,No Logo
1904,63.47,No Logo
1905,63.5,No Logo
1906,63.53,No Logo
1907,63.57,No Logo
1908,63.6,No Logo
1909,63.63,No Logo
1910,63.67,No Logo
1911,63.7,No Logo
1912,63.73,No Logo
1913,63.77,No Logo
1914,63.8,No Logo
1915,63.83,No Logo
1916,63.87,No Logo
1917,63.9,No Logo
1918,63.93,No Logo
1919,63.97,No Logo
1920,64.0,No Logo
1921,64.03,No Logo
1922,64.07,No Logo
1923,64.1,No Logo
1924,64.13,No Logo
1925,64.17,No Logo
1926,64.2,No Logo
1927,64.23,No Logo
1928,64.27,No Logo
1929,64.3,No Logo
1930,64.33,No Logo
1931,64.37,No Logo
1932,64.4,No Logo
1933,64.43,No Logo
1934,64.47,No Logo
1935,64.5,No Logo
1936,64.53,No Logo
1937,64.57,No Logo
1938,64.6,No Logo
1939,64.63,No Logo
1940,64.67,No Logo
1941,64.7,No Logo
1942,64.73,No Logo
1943,64.77,No Logo
1944,64.8,No Logo
1945,64.83,No Logo
1946,64.87,No Logo
1947,64.9,No Logo
1948,64.93,No Logo
1949,64.97,No Logo
1950,65.0,No Logo
1951,65.03,No Logo
1952,65.07,No Logo
1953,65.1,No Logo
1954,65.13,No Logo
1955,65.17,No Logo
1956,65.2,No Logo
1957,65.23,No Logo
1958,65.27,No Logo
1959,65.3,No Logo
1960,65.33,No Logo
1961,65.37,No Logo
1962,65.4,No Logo
1963,65.43,No Logo
1964,65.47,No Logo
1965,65.5,No Logo
1966,65.53,No Logo
1967,65.57,No Logo
1968,65.6,No Logo
1969,65.63,No Logo
1970,65.67,No Logo
1971,65.7,No Logo
1972,65.73,No Logo
1973,65.77,No Logo
1974,65.8,No Logo
1975,65.83,No Logo
1976,65.87,No Logo
1977,65.9,No Logo
1978,65.93,No Logo
1979,65.97,No Logo
1980,66.0,No Logo
1981,66.03,No Logo
1982,66.07,No Logo
1983,66.1,No Logo
1984,66.13,No Logo
1985,66.17,No Logo
1986,66.2,No Logo
1987,66.23,No Logo
1988,66.27,No Logo
1989,66.3,No Logo
1990,66.33,No Logo
1991,66.37,Fully Visible
1992,66.4,Fully Visible
1993,66.43,Fully Visible
1994,66.47,Fully Visible
1995,66.5,Fully Visible
1996,66.53,Fully Visible
1997,66.57,Fully Visible
1998,66.6,Fully Visible
1999,66.63,Fully Visible
2000,66.67,No Logo
2001,66.7,Fully Visible
2002,66.73,No Logo
2003,66.77,No Logo
2004,66.8,No Logo
2005,66.83,No Logo
2006,66.87,No Logo
2007,66.9,No Logo
2008,66.93,No Logo
2009,66.97,No Logo
2010,67.0,No Logo
2011,67.03,No Logo
2012,67.07,No Logo
2013,67.1,No Logo
2014,67.13,No Logo
2015,67.17,No Logo
2016,67.2,No Logo
2017,67.23,No Logo
2018,67.27,No Logo
2019,67.3,No Logo
2020,67.33,No Logo
2021,67.37,No Logo
2022,67.4,No Logo
2023,67.43,No Logo
2024,67.47,No Logo
2025,67.5,No Logo
2026,67.53,No Logo
2027,67.57,No Logo
2028,67.6,No Logo
2029,67.63,No Logo
2030,67.67,No Logo
2031,67.7,No Logo
2032,67.73,No Logo
2033,67.77,No Logo
2034,67.8,No Logo
2035,67.83,No Logo
2036,67.87,No Logo
2037,67.9,No Logo
2038,67.93,No Logo
2039,67.97,No Logo
2040,68.0,No Logo
2041,68.03,No Logo
2042,68.07,No Logo
2043,68.1,No Logo
2044,68.13,No Logo
2045,68.17,No Logo
2046,68.2,No Logo
2047,68.23,No Logo
2048,68.27,No Logo
2049,68.3,No Logo
2050,68.33,No Logo
2051,68.37,No Logo
2052,68.4,No Logo
2053,68.43,No Logo
2054,68.47,No Logo
2055,68.5,No Logo
2056,68.53,No Logo
2057,68.57,No Logo
2058,68.6,No Logo
2059,68.63,No Logo
2060,68.67,No Logo
2061,68.7,No Logo
2062,68.73,No Logo
2063,68.77,No Logo
2064,68.8,No Logo
2065,68.83,No Logo
2066,68.87,No Logo
2067,68.9,No Logo
2068,68.93,No Logo
2069,68.97,No Logo
2070,69.0,No Logo
2071,69.03,No Logo
2072,69.07,No Logo
2073,69.1,Fully Visible
2074,69.13,No Logo
2075,69.17,No Logo
2076,69.2,Fully Visible
2077,69.23,Fully Visible
2078,69.27,Fully Visible
2079,69.3,Fully Visible
2080,69.33,Fully Visible
2081,69.37,Fully Visible
2082,69.4,Fully Visible
2083,69.43,Fully Visible
2084,69.47,Fully Visible
2085,69.5,No Logo
2086,69.53,No Logo
2087,69.57,No Logo
2088,69.6,Fully Visible
2089,69.63,Fully Visible
2090,69.67,Fully Visible
2091,69.7,Fully Visible
2092,69.73,Fully Visible
2093,69.77,No Logo
2094,69.8,No Logo
2095,69.83,No Logo
2096,69.87,No Logo
2097,69.9,No Logo
2098,69.93,No Logo
2099,69.97,No Logo
2100,70.0,No Logo
2101,70.03,No Logo
2102,70.07,No Logo
2103,70.1,No Logo
2104,70.13,No Logo
2105,70.17,No Logo
2106,70.2,No Logo
2107,70.23,No Logo
2108,70.27,No Logo
2109,70.3,No Logo
2110,70.33,No Logo
2111,70.37,No Logo
2112,70.4,No Logo
2113,70.43,No Logo
2114,70.47,No Logo
2115,70.5,No Logo
2116,70.53,No Logo
2117,70.57,No Logo
2118,70.6,No Logo
2119,70.63,No Logo
2120,70.67,No Logo
2121,70.7,No Logo
2122,70.73,No Logo
2123,70.77,No Logo
2124,70.8,No Logo
2125,70.83,No Logo
2126,70.87,No Logo
2127,70.9,No Logo
2128,70.93,No Logo
2129,70.97,No Logo
2130,71.0,No Logo
2131,71.03,No Logo
2132,71.07,No Logo
2133,71.1,No Logo
2134,71.13,No Logo
2135,71.17,Fully Visible
2136,71.2,Fully Visible
2137,71.23,Fully Visible
2138,71.27,Fully Visible
2139,71.3,Fully Visible
2140,71.33,Fully Visible
2141,71.37,Fully Visible
2142,71.4,No Logo
2143,71.43,No Logo
2144,71.47,No Logo
2145,71.5,No Logo
2146,71.53,No Logo
2147,71.57,No Logo
2148,71.6,No Logo
2149,71.63,No Logo
2150,71.67,No Logo
2151,71.7,No Logo
2152,71.73,No Logo
2153,71.77,No Logo
2154,71.8,No Logo
2155,71.83,No Logo
2156,71.87,No Logo
2157,71.9,No Logo
2158,71.93,No Logo
2159,71.97,No Logo
2160,72.0,No Logo
2161,72.03,No Logo
2162,72.07,No Logo
2163,72.1,No Logo
2164,72.13,No Logo
2165,72.17,No Logo
2166,72.2,No Logo
2167,72.23,No Logo
2168,72.27,No Logo
2169,72.3,No Logo
2170,72.33,No Logo
2171,72.37,No Logo
2172,72.4,No Logo
2173,72.43,No Logo
2174,72.47,No Logo
2175,72.5,No Logo
2176,72.53,No Logo
2177,72.57,No Logo
2178,72.6,No Logo
2179,72.63,No Logo
2180,72.67,No Logo
2181,72.7,No Logo
2182,72.73,No Logo
2183,72.77,No Logo
2184,72.8,No Logo
2185,72.83,No Logo
2186,72.87,No Logo
2187,72.9,No Logo
2188,72.93,No Logo
2189,72.97,No Logo
2190,73.0,No Logo
2191,73.03,No Logo
2192,73.07,No Logo
2193,73.1,No Logo
2194,73.13,No Logo
2195,73.17,No Logo
2196,73.2,No Logo
2197,73.23,No Logo
2198,73.27,No Logo
2199,73.3,No Logo
2200,73.33,No Logo
2201,73.37,No Logo
2202,73.4,No Logo
2203,73.43,No Logo
2204,73.47,No Logo
2205,73.5,No Logo
2206,73.53,No Logo
2207,73.57,No Logo
2208,73.6,No Logo
2209,73.63,No Logo
2210,73.67,No Logo
2211,73.7,No Logo
2212,73.73,No Logo
2213,73.77,No Logo
2214,73.8,No Logo
2215,73.83,No Logo
2216,73.87,No Logo
2217,73.9,No Logo
2218,73.93,No Logo
2219,73.97,No Logo
2220,74.0,No Logo
2221,74.03,No Logo
2222,74.07,No Logo
2223,74.1,No Logo
2224,74.13,No Logo
2225,74.17,No Logo
2226,74.2,No Logo
2227,74.23,No Logo
2228,74.27,No Logo
2229,74.3,No Logo
2230,74.33,No Logo
2231,74.37,No Logo
2232,74.4,No Logo
2233,74.43,No Logo
2234,74.47,No Logo
2235,74.5,No Logo
2236,74.53,Partially Visible
2237,74.57,No Logo
2238,74.6,No Logo
2239,74.63,No Logo
2240,74.67,No Logo
2241,74.7,No Logo
2242,74.73,No Logo
2243,74.77,No Logo
2244,74.8,No Logo
2245,74.83,No Logo
2246,74.87,No Logo
2247,74.9,No Logo
2248,74.93,No Logo
2249,74.97,No Logo
2250,75.0,No Logo
2251,75.03,No Logo
2252,75.07,No Logo
2253,75.1,No Logo
2254,75.13,No Logo
2255,75.17,No Logo
2256,75.2,No Logo
2257,75.23,No Logo
2258,75.27,No Logo
2259,75.3,No Logo
2260,75.33,No Logo
2261,75.37,No Logo
2262,75.4,No Logo
2263,75.43,No Logo
2264,75.47,No Logo
2265,75.5,No Logo
2266,75.53,No Logo
2267,75.57,No Logo
2268,75.6,No Logo
2269,75.63,No Logo
2270,75.67,No Logo
2271,75.7,Fully Visible
2272,75.73,Fully Visible
2273,75.77,No Logo
2274,75.8,Fully Visible
2275,75.83,Fully Visible
2276,75.87,No Logo
2277,75.9,Fully Visible
2278,75.93,Fully Visible
2279,75.97,Fully Visible
2280,76.0,Fully Visible
2281,76.03,Fully Visible
2282,76.07,Fully Visible
2283,76.1,Fully Visible
2284,76.13,Fully Visible
2285,76.17,Fully Visible
2286,76.2,Fully Visible
2287,76.23,Fully Visible
2288,76.27,Fully Visible
2289,76.3,Fully Visible
2290,76.33,Fully Visible
2291,76.37,Fully Visible
2292,76.4,Fully Visible
2293,76.43,Fully Visible
2294,76.47,Fully Visible
2295,76.5,Fully Visible
2296,76.53,Fully Visible
2297,76.57,Fully Visible
2298,76.6,Fully Visible
2299,76.63,Fully Visible
2300,76.67,Fully Visible
2301,76.7,Fully Visible
2302,76.73,Fully Visible
2303,76.77,Fully Visible
2304,76.8,Fully Visible
2305,76.83,Fully Visible
2306,76.87,Fully Visible
2307,76.9,Fully Visible
2308,76.93,Fully Visible
2309,76.97,Fully Visible
2310,77.0,Fully Visible
2311,77.03,Fully Visible
2312,77.07,Fully Visible
2313,77.1,Fully Visible
2314,77.13,Fully Visible
2315,77.17,No Logo
2316,77.2,No Logo
2317,77.23,No Logo
2318,77.27,No Logo
2319,77.3,No Logo
2320,77.33,No Logo
2321,77.37,No Logo
2322,77.4,No Logo
2323,77.43,No Logo
2324,77.47,No Logo
2325,77.5,No Logo
2326,77.53,No Logo
2327,77.57,No Logo
2328,77.6,No Logo
2329,77.63,No Logo
2330,77.67,No Logo
2331,77.7,No Logo
2332,77.73,No Logo
2333,77.77,No Logo
2334,77.8,No Logo
2335,77.83,No Logo
2336,77.87,No Logo
2337,77.9,No Logo
2338,77.93,No Logo
2339,77.97,No Logo
2340,78.0,No Logo
2341,78.03,No Logo
2342,78.07,No Logo
2343,78.1,No Logo
2344,78.13,No Logo
2345,78.17,No Logo
2346,78.2,No Logo
2347,78.23,No Logo
2348,78.27,No Logo
2349,78.3,No Logo
2350,78.33,No Logo
2351,78.37,No Logo
2352,78.4,No Logo
2353,78.43,No Logo
2354,78.47,No Logo
2355,78.5,No Logo
2356,78.53,No Logo
2357,78.57,No Logo
2358,78.6,No Logo
2359,78.63,No Logo
2360,78.67,No Logo
2361,78.7,No Logo
2362,78.73,No Logo
2363,78.77,No Logo
2364,78.8,No Logo
2365,78.83,No Logo
2366,78.87,No Logo
2367,78.9,No Logo
2368,78.93,No Logo
2369,78.97,No Logo
2370,79.0,No Logo
2371,79.03,No Logo
2372,79.07,No Logo
2373,79.1,No Logo
2374,79.13,No Logo
2375,79.17,No Logo
2376,79.2,No Logo
2377,79.23,No Logo
2378,79.27,No Logo
2379,79.3,No Logo
2380,79.33,No Logo
2381,79.37,No Logo
2382,79.4,No Logo
2383,79.43,No Logo
2384,79.47,No Logo
2385,79.5,No Logo
2386,79.53,No Logo
2387,79.57,No Logo
2388,79.6,No Logo
2389,79.63,No Logo
2390,79.67,No Logo
2391,79.7,No Logo
2392,79.73,No Logo
2393,79.77,No Logo
2394,79.8,No Logo
2395,79.83,No Logo
2396,79.87,No Logo
2397,79.9,No Logo
2398,79.93,No Logo
2399,79.97,No Logo
2400,80.0,No Logo
2401,80.03,No Logo
2402,80.07,No Logo
2403,80.1,No Logo
2404,80.13,No Logo
2405,80.17,No Logo
2406,80.2,No Logo
2407,80.23,No Logo
2408,80.27,No Logo
2409,80.3,No Logo
2410,80.33,No Logo
2411,80.37,No Logo
2412,80.4,No Logo
2413,80.43,No Logo
2414,80.47,No Logo
2415,80.5,No Logo
2416,80.53,No Logo
2417,80.57,No Logo
2418,80.6,No Logo
2419,80.63,No Logo
2420,80.67,No Logo
2421,80.7,No Logo
2422,80.73,No Logo
2423,80.77,No Logo
2424,80.8,No Logo
2425,80.83,No Logo
2426,80.87,No Logo
2427,80.9,No Logo
2428,80.93,No Logo
2429,80.97,No Logo
2430,81.0,No Logo
2431,81.03,No Logo
2432,81.07,No Logo
2433,81.1,No Logo
2434,81.13,No Logo
2435,81.17,No Logo
2436,81.2,No Logo
2437,81.23,No Logo
2438,81.27,No Logo
2439,81.3,No Logo
2440,81.33,No Logo
2441,81.37,No Logo
2442,81.4,No Logo
2443,81.43,No Logo
2444,81.47,No Logo
2445,81.5,No Logo
2446,81.53,No Logo
2447,81.57,No Logo
2448,81.6,No Logo
2449,81.63,No Logo
2450,81.67,No Logo
2451,81.7,No Logo
2452,81.73,No Logo
2453,81.77,No Logo
2454,81.8,No Logo
2455,81.83,No Logo
2456,81.87,No Logo
2457,81.9,No Logo
2458,81.93,No Logo
2459,81.97,No Logo
2460,82.0,No Logo
2461,82.03,No Logo
2462,82.07,No Logo
2463,82.1,No Logo
2464,82.13,No Logo
2465,82.17,No Logo
2466,82.2,Fully Visible
2467,82.23,Fully Visible
2468,82.27,Fully Visible
2469,82.3,Fully Visible
2470,82.33,Fully Visible
2471,82.37,Fully Visible
2472,82.4,Fully Visible
2473,82.43,Fully Visible
2474,82.47,Fully Visible
2475,82.5,No Logo
2476,82.53,No Logo
2477,82.57,Fully Visible
2478,82.6,No Logo
2479,82.63,No Logo
2480,82.67,No Logo
2481,82.7,No Logo
2482,82.73,No Logo
2483,82.77,No Logo
2484,82.8,No Logo
2485,82.83,No Logo
2486,82.87,No Logo
2487,82.9,No Logo
2488,82.93,No Logo
2489,82.97,No Logo
2490,83.0,No Logo
2491,83.03,No Logo
2492,83.07,No Logo
2493,83.1,No Logo
2494,83.13,No Logo
2495,83.17,Partially Visible
2496,83.2,No Logo
2497,83.23,No Logo
2498,83.27,No Logo
2499,83.3,No Logo
2500,83.33,Partially Visible
2501,83.37,No Logo
2502,83.4,No Logo
2503,83.43,No Logo
2504,83.47,No Logo
2505,83.5,No Logo
2506,83.53,No Logo
2507,83.57,No Logo
2508,83.6,No Logo
2509,83.63,No Logo
2510,83.67,No Logo
2511,83.7,No Logo
2512,83.73,No Logo
2513,83.77,No Logo
2514,83.8,No Logo
2515,83.83,No Logo
2516,83.87,No Logo
2517,83.9,No Logo
2518,83.93,No Logo
2519,83.97,No Logo
2520,84.0,No Logo
2521,84.03,No Logo
2522,84.07,No Logo
2523,84.1,No Logo
2524,84.13,No Logo
2525,84.17,No Logo
2526,84.2,No Logo
2527,84.23,No Logo
2528,84.27,No Logo
2529,84.3,No Logo
2530,84.33,No Logo
2531,84.37,No Logo
2532,84.4,No Logo
2533,84.43,No Logo
2534,84.47,No Logo
2535,84.5,No Logo
2536,84.53,No Logo
2537,84.57,No Logo
2538,84.6,No Logo
2539,84.63,No Logo
2540,84.67,No Logo
2541,84.7,No Logo
2542,84.73,No Logo
2543,84.77,No Logo
2544,84.8,No Logo
2545,84.83,No Logo
2546,84.87,No Logo
2547,84.9,No Logo
2548,84.93,No Logo
2549,84.97,No Logo
2550,85.0,No Logo
2551,85.03,No Logo
2552,85.07,No Logo
2553,85.1,No Logo
2554,85.13,No Logo
2555,85.17,No Logo
2556,85.2,No Logo
2557,85.23,No Logo
2558,85.27,No Logo
2559,85.3,No Logo
2560,85.33,No Logo
2561,85.37,No Logo
2562,85.4,No Logo
2563,85.43,No Logo
2564,85.47,No Logo
2565,85.5,No Logo
2566,85.53,No Logo
2567,85.57,No Logo
2568,85.6,No Logo
2569,85.63,No Logo
2570,85.67,No Logo
2571,85.7,No Logo
2572,85.73,No Logo
2573,85.77,No Logo
2574,85.8,No Logo
2575,85.83,No Logo
2576,85.87,No Logo
2577,85.9,No Logo
2578,85.93,No Logo
2579,85.97,No Logo
2580,86.0,No Logo
2581,86.03,No Logo
2582,86.07,No Logo
2583,86.1,No Logo
2584,86.13,No Logo
2585,86.17,No Logo
2586,86.2,No Logo
2587,86.23,No Logo
2588,86.27,No Logo
2589,86.3,No Logo
2590,86.33,No Logo
2591,86.37,No Logo
2592,86.4,No Logo
2593,86.43,No Logo
2594,86.47,No Logo
2595,86.5,No Logo
2596,86.53,No Logo
2597,86.57,No Logo
2598,86.6,No Logo
2599,86.63,No Logo
2600,86.67,No Logo
2601,86.7,No Logo
2602,86.73,No Logo
2603,86.77,No Logo
2604,86.8,No Logo
2605,86.83,No Logo
2606,86.87,No Logo
2607,86.9,No Logo
2608,86.93,No Logo
2609,86.97,No Logo
2610,87.0,No Logo
2611,87.03,No Logo
2612,87.07,No Logo
2613,87.1,No Logo
2614,87.13,No Logo
2615,87.17,No Logo
2616,87.2,No Logo
2617,87.23,No Logo
2618,87.27,No Logo
2619,87.3,No Logo
2620,87.33,No Logo
2621,87.37,No Logo
2622,87.4,No Logo
2623,87.43,No Logo
2624,87.47,No Logo
2625,87.5,No Logo
2626,87.53,No Logo
2627,87.57,No Logo
2628,87.6,No Logo
2629,87.63,No Logo
2630,87.67,No Logo
2631,87.7,No Logo
2632,87.73,No Logo
2633,87.77,No Logo
2634,87.8,No Logo
2635,87.83,No Logo
2636,87.87,No Logo
2637,87.9,No Logo
2638,87.93,No Logo
2639,87.97,No Logo
2640,88.0,No Logo
2641,88.03,No Logo
2642,88.07,No Logo
2643,88.1,No Logo
2644,88.13,No Logo
2645,88.17,No Logo
2646,88.2,No Logo
2647,88.23,No Logo
2648,88.27,No Logo
2649,88.3,No Logo
2650,88.33,No Logo
2651,88.37,No Logo
2652,88.4,No Logo
2653,88.43,No Logo
2654,88.47,No Logo
2655,88.5,No Logo
2656,88.53,No Logo
2657,88.57,No Logo
2658,88.6,No Logo
2659,88.63,No Logo
2660,88.67,No Logo
2661,88.7,No Logo
2662,88.73,No Logo
2663,88.77,No Logo
2664,88.8,No Logo
2665,88.83,No Logo
2666,88.87,No Logo
2667,88.9,No Logo
2668,88.93,No Logo
2669,88.97,No Logo
2670,89.0,No Logo
2671,89.03,No Logo
2672,89.07,No Logo
2673,89.1,No Logo
2674,89.13,No Logo
2675,89.17,No Logo
2676,89.2,No Logo
2677,89.23,No Logo
2678,89.27,No Logo
2679,89.3,No Logo
2680,89.33,No Logo
2681,89.37,No Logo
2682,89.4,No Logo
2683,89.43,No Logo
2684,89.47,No Logo
2685,89.5,No Logo
2686,89.53,No Logo
2687,89.57,No Logo
2688,89.6,No Logo
2689,89.63,No Logo
2690,89.67,No Logo
2691,89.7,No Logo
2692,89.73,No Logo
2693,89.77,No Logo
2694,89.8,No Logo
2695,89.83,No Logo
2696,89.87,No Logo
2697,89.9,No Logo
2698,89.93,No Logo
2699,89.97,No Logo
2700,90.0,No Logo
2701,90.03,No Logo
2702,90.07,No Logo
2703,90.1,No Logo
2704,90.13,No Logo
2705,90.17,No Logo
2706,90.2,No Logo
2707,90.23,No Logo
2708,90.27,No Logo
2709,90.3,No Logo
2710,90.33,Fully Visible
2711,90.37,Fully Visible
2712,90.4,Fully Visible
2713,90.43,Fully Visible
2714,90.47,Fully Visible
2715,90.5,Fully Visible
2716,90.53,Fully Visible
2717,90.57,Fully Visible
2718,90.6,Fully Visible
2719,90.63,Fully Visible
2720,90.67,Fully Visible
2721,90.7,Fully Visible
2722,90.73,Fully Visible
2723,90.77,Fully Visible
2724,90.8,Fully Visible
2725,90.83,Fully Visible
2726,90.87,Fully Visible
2727,90.9,Fully Visible
2728,90.93,Fully Visible
2729,90.97,Fully Visible
2730,91.0,Fully Visible
2731,91.03,Fully Visible
2732,91.07,Fully Visible
2733,91.1,Fully Visible
2734,91.13,Fully Visible
2735,91.17,No Logo
2736,91.2,No Logo
2737,91.23,No Logo
2738,91.27,No Logo
2739,91.3,No Logo
2740,91.33,No Logo
2741,91.37,No Logo
2742,91.4,No Logo
2743,91.43,No Logo
2744,91.47,No Logo
2745,91.5,No Logo
2746,91.53,No Logo
2747,91.57,No Logo
2748,91.6,No Logo
2749,91.63,No Logo
2750,91.67,No Logo
2751,91.7,No Logo
2752,91.73,No Logo
2753,91.77,No Logo
2754,91.8,No Logo
2755,91.83,No Logo
2756,91.87,No Logo
2757,91.9,No Logo
2758,91.93,No Logo
2759,91.97,No Logo
2760,92.0,No Logo
2761,92.03,No Logo
2762,92.07,No Logo
2763,92.1,No Logo
2764,92.13,No Logo
2765,92.17,No Logo
2766,92.2,No Logo
2767,92.23,No Logo
2768,92.27,No Logo
2769,92.3,No Logo
2770,92.33,No Logo
2771,92.37,No Logo
2772,92.4,No Logo
2773,92.43,No Logo
2774,92.47,No Logo
2775,92.5,No Logo
2776,92.53,No Logo
2777,92.57,No Logo
2778,92.6,No Logo
2779,92.63,No Logo
2780,92.67,No Logo
2781,92.7,No Logo
2782,92.73,No Logo
2783,92.77,No Logo
2784,92.8,No Logo
2785,92.83,No Logo
2786,92.87,No Logo
2787,92.9,No Logo
2788,92.93,No Logo
2789,92.97,No Logo
2790,93.0,No Logo
2791,93.03,No Logo
2792,93.07,No Logo
2793,93.1,No Logo
2794,93.13,No Logo
2795,93.17,No Logo
2796,93.2,No Logo
2797,93.23,No Logo
2798,93.27,No Logo
2799,93.3,No Logo
2800,93.33,No Logo
2801,93.37,No Logo
2802,93.4,No Logo
2803,93.43,No Logo
2804,93.47,No Logo
2805,93.5,No Logo
2806,93.53,No Logo
2807,93.57,No Logo
2808,93.6,No Logo
2809,93.63,No Logo
2810,93.67,No Logo
2811,93.7,No Logo
2812,93.73,No Logo
2813,93.77,No Logo
2814,93.8,No Logo
2815,93.83,No Logo
2816,93.87,No Logo
2817,93.9,No Logo
2818,93.93,No Logo
2819,93.97,No Logo
2820,94.0,No Logo
2821,94.03,No Logo
2822,94.07,No Logo
2823,94.1,No Logo
2824,94.13,No Logo
2825,94.17,No Logo
2826,94.2,No Logo
2827,94.23,No Logo
2828,94.27,No Logo
2829,94.3,No Logo
2830,94.33,No Logo
2831,94.37,No Logo
2832,94.4,No Logo
2833,94.43,No Logo
2834,94.47,No Logo
2835,94.5,No Logo
2836,94.53,No Logo
2837,94.57,No Logo
2838,94.6,No Logo
2839,94.63,No Logo
2840,94.67,No Logo
2841,94.7,No Logo
2842,94.73,No Logo
2843,94.77,No Logo
2844,94.8,No Logo
2845,94.83,No Logo
2846,94.87,No Logo
2847,94.9,No Logo
2848,94.93,No Logo
2849,94.97,No Logo
2850,95.0,No Logo
2851,95.03,No Logo
2852,95.07,No Logo
2853,95.1,No Logo
2854,95.13,No Logo
2855,95.17,Fully Visible
2856,95.2,No Logo
2857,95.23,No Logo
2858,95.27,No Logo
2859,95.3,No Logo
2860,95.33,Fully Visible
2861,95.37,No Logo
2862,95.4,No Logo
2863,95.43,No Logo
2864,95.47,No Logo
2865,95.5,No Logo
2866,95.53,No Logo
2867,95.57,No Logo
2868,95.6,No Logo
2869,95.63,No Logo
2870,95.67,No Logo
2871,95.7,No Logo
2872,95.73,No Logo
2873,95.77,No Logo
2874,95.8,No Logo
2875,95.83,No Logo
2876,95.87,No Logo
2877,95.9,No Logo
2878,95.93,No Logo
2879,95.97,No Logo
2880,96.0,No Logo
2881,96.03,No Logo
2882,96.07,No Logo
2883,96.1,No Logo
2884,96.13,No Logo
2885,96.17,No Logo
2886,96.2,No Logo
2887,96.23,No Logo
2888,96.27,No Logo
2889,96.3,No Logo
2890,96.33,No Logo
2891,96.37,No Logo
2892,96.4,No Logo
2893,96.43,No Logo
2894,96.47,No Logo
2895,96.5,No Logo
2896,96.53,No Logo
2897,96.57,No Logo
2898,96.6,No Logo
2899,96.63,No Logo
2900,96.67,No Logo
2901,96.7,No Logo
2902,96.73,No Logo
2903,96.77,No Logo
2904,96.8,No Logo
2905,96.83,No Logo
2906,96.87,No Logo
2907,96.9,No Logo
2908,96.93,No Logo
2909,96.97,No Logo
2910,97.0,No Logo
2911,97.03,No Logo
2912,97.07,No Logo
2913,97.1,No Logo
2914,97.13,No Logo
2915,97.17,No Logo
2916,97.2,No Logo
2917,97.23,No Logo
2918,97.27,No Logo
2919,97.3,No Logo
2920,97.33,No Logo
2921,97.37,No Logo
2922,97.4,No Logo
2923,97.43,No Logo
2924,97.47,No Logo
2925,97.5,No Logo
2926,97.53,No Logo
2927,97.57,No Logo
2928,97.6,No Logo
2929,97.63,No Logo
2930,97.67,No Logo
2931,97.7,No Logo
2932,97.73,No Logo
2933,97.77,No Logo
2934,97.8,No Logo
2935,97.83,No Logo
2936,97.87,No Logo
2937,97.9,No Logo
2938,97.93,No Logo
2939,97.97,No Logo
2940,98.0,No Logo
2941,98.03,No Logo
2942,98.07,No Logo
2943,98.1,No Logo
2944,98.13,No Logo
2945,98.17,No Logo
2946,98.2,No Logo
2947,98.23,No Logo
2948,98.27,No Logo
2949,98.3,No Logo
2950,98.33,No Logo
2951,98.37,No Logo
2952,98.4,No Logo
2953,98.43,No Logo
2954,98.47,No Logo
2955,98.5,No Logo
2956,98.53,No Logo
2957,98.57,No Logo
2958,98.6,No Logo
2959,98.63,No Logo
2960,98.67,No Logo
2961,98.7,No Logo
2962,98.73,No Logo
2963,98.77,No Logo
2964,98.8,No Logo
2965,98.83,No Logo
2966,98.87,No Logo
2967,98.9,No Logo
2968,98.93,No Logo
2969,98.97,No Logo
2970,99.0,No Logo
2971,99.03,No Logo
2972,99.07,No Logo
2973,99.1,No Logo
2974,99.13,No Logo
2975,99.17,No Logo
2976,99.2,No Logo
2977,99.23,No Logo
2978,99.27,No Logo
2979,99.3,No Logo
2980,99.33,No Logo
2981,99.37,No Logo
2982,99.4,No Logo
2983,99.43,No Logo
2984,99.47,No Logo
2985,99.5,No Logo
2986,99.53,No Logo
2987,99.57,No Logo
2988,99.6,No Logo
2989,99.63,No Logo
2990,99.67,No Logo
2991,99.7,No Logo
2992,99.73,No Logo
2993,99.77,No Logo
2994,99.8,No Logo
2995,99.83,No Logo
2996,99.87,No Logo
2997,99.9,No Logo
2998,99.93,No Logo
2999,99.97,No Logo
3000,100.0,No Logo
3001,100.03,No Logo
3002,100.07,No Logo
3003,100.1,No Logo
3004,100.13,No Logo
3005,100.17,No Logo
3006,100.2,No Logo
3007,100.23,No Logo
3008,100.27,No Logo
3009,100.3,No Logo
3010,100.33,No Logo
3011,100.37,No Logo
3012,100.4,Fully Visible
3013,100.43,Fully Visible
3014,100.47,Fully Visible
3015,100.5,Fully Visible
3016,100.53,Fully Visible
3017,100.57,Fully Visible
3018,100.6,Fully Visible
3019,100.63,Fully Visible
3020,100.67,Fully Visible
3021,100.7,Fully Visible
3022,100.73,Fully Visible
3023,100.77,Fully Visible
3024,100.8,Fully Visible
3025,100.83,Fully Visible
3026,100.87,Fully Visible
3027,100.9,No Logo
3028,100.93,No Logo
3029,100.97,No Logo
3030,101.0,No Logo
3031,101.03,No Logo
3032,101.07,No Logo
3033,101.1,No Logo
3034,101.13,No Logo
3035,101.17,No Logo
3036,101.2,No Logo
3037,101.23,No Logo
3038,101.27,No Logo
3039,101.3,No Logo
3040,101.33,No Logo
3041,101.37,No Logo
3042,101.4,No Logo
3043,101.43,No Logo
3044,101.47,No Logo
3045,101.5,No Logo
3046,101.53,No Logo
3047,101.57,No Logo
3048,101.6,No Logo
3049,101.63,No Logo
3050,101.67,No Logo
3051,101.7,No Logo
3052,101.73,No Logo
3053,101.77,No Logo
3054,101.8,No Logo
3055,101.83,No Logo
3056,101.87,No Logo
3057,101.9,No Logo
3058,101.93,No Logo
3059,101.97,No Logo
3060,102.0,No Logo
3061,102.03,No Logo
3062,102.07,No Logo
3063,102.1,No Logo
3064,102.13,No Logo
3065,102.17,No Logo
3066,102.2,Fully Visible
3067,102.23,Fully Visible
3068,102.27,No Logo
3069,102.3,No Logo
3070,102.33,No Logo
3071,102.37,No Logo
3072,102.4,No Logo
3073,102.43,No Logo
3074,102.47,No Logo
3075,102.5,No Logo
3076,102.53,No Logo
3077,102.57,No Logo
3078,102.6,No Logo
3079,102.63,No Logo
3080,102.67,No Logo
3081,102.7,No Logo
3082,102.73,No Logo
3083,102.77,No Logo
3084,102.8,No Logo
3085,102.83,No Logo
3086,102.87,No Logo
3087,102.9,No Logo
3088,102.93,No Logo
3089,102.97,No Logo
3090,103.0,No Logo
3091,103.03,No Logo
3092,103.07,No Logo
3093,103.1,No Logo
3094,103.13,No Logo
3095,103.17,No Logo
3096,103.2,No Logo
3097,103.23,No Logo
3098,103.27,No Logo
3099,103.3,No Logo
3100,103.33,No Logo
3101,103.37,No Logo
3102,103.4,No Logo
3103,103.43,No Logo
3104,103.47,No Logo
3105,103.5,No Logo
3106,103.53,No Logo
3107,103.57,No Logo
3108,103.6,No Logo
3109,103.63,No Logo
3110,103.67,No Logo
3111,103.7,No Logo
3112,103.73,No Logo
3113,103.77,No Logo
3114,103.8,No Logo
3115,103.83,No Logo
3116,103.87,No Logo
3117,103.9,No Logo
3118,103.93,No Logo
3119,103.97,No Logo
3120,104.0,No Logo
3121,104.03,No Logo
3122,104.07,No Logo
3123,104.1,No Logo
3124,104.13,No Logo
3125,104.17,No Logo
3126,104.2,No Logo
3127,104.23,No Logo
3128,104.27,No Logo
3129,104.3,No Logo
3130,104.33,No Logo
3131,104.37,No Logo
3132,104.4,No Logo
3133,104.43,No Logo
3134,104.47,No Logo
3135,104.5,No Logo
3136,104.53,No Logo
3137,104.57,No Logo
3138,104.6,No Logo
3139,104.63,No Logo
3140,104.67,No Logo
3141,104.7,No Logo
3142,104.73,No Logo
3143,104.77,No Logo
3144,104.8,No Logo
3145,104.83,No Logo
3146,104.87,No Logo
3147,104.9,No Logo
3148,104.93,No Logo
3149,104.97,No Logo
3150,105.0,No Logo
3151,105.03,No Logo
3152,105.07,No Logo
3153,105.1,No Logo
3154,105.13,No Logo
3155,105.17,No Logo
3156,105.2,No Logo
3157,105.23,No Logo
3158,105.27,No Logo
3159,105.3,No Logo
3160,105.33,No Logo
3161,105.37,No Logo
3162,105.4,No Logo
3163,105.43,No Logo
3164,105.47,No Logo
3165,105.5,No Logo
3166,105.53,No Logo
3167,105.57,No Logo
3168,105.6,No Logo
3169,105.63,No Logo
3170,105.67,No Logo
3171,105.7,No Logo
3172,105.73,No Logo
3173,105.77,No Logo
3174,105.8,No Logo
3175,105.83,No Logo
3176,105.87,No Logo
3177,105.9,No Logo
3178,105.93,No Logo
3179,105.97,No Logo
3180,106.0,No Logo
3181,106.03,No Logo
3182,106.07,No Logo
3183,106.1,No Logo
3184,106.13,No Logo
3185,106.17,No Logo
3186,106.2,No Logo
3187,106.23,No Logo
3188,106.27,No Logo
3189,106.3,No Logo
3190,106.33,No Logo
3191,106.37,No Logo
3192,106.4,No Logo
3193,106.43,No Logo
3194,106.47,No Logo
3195,106.5,No Logo
3196,106.53,No Logo
3197,106.57,No Logo
3198,106.6,No Logo
3199,106.63,No Logo
3200,106.67,No Logo
3201,106.7,No Logo
3202,106.73,No Logo
3203,106.77,No Logo
3204,106.8,No Logo
3205,106.83,No Logo
3206,106.87,No Logo
3207,106.9,No Logo
3208,106.93,No Logo
3209,106.97,No Logo
3210,107.0,No Logo
3211,107.03,No Logo
3212,107.07,No Logo
3213,107.1,No Logo
3214,107.13,No Logo
3215,107.17,No Logo
3216,107.2,No Logo
3217,107.23,No Logo
3218,107.27,No Logo
3219,107.3,No Logo
3220,107.33,No Logo
3221,107.37,No Logo
3222,107.4,No Logo
3223,107.43,No Logo
3224,107.47,No Logo
3225,107.5,No Logo
3226,107.53,No Logo
3227,107.57,No Logo
3228,107.6,No Logo
3229,107.63,No Logo
3230,107.67,No Logo
3231,107.7,No Logo
3232,107.73,No Logo
3233,107.77,No Logo
3234,107.8,No Logo
3235,107.83,No Logo
3236,107.87,No Logo
3237,107.9,No Logo
3238,107.93,No Logo
3239,107.97,No Logo
3240,108.0,No Logo
3241,108.03,No Logo
3242,108.07,No Logo
3243,108.1,No Logo
3244,108.13,No Logo
3245,108.17,No Logo
3246,108.2,No Logo
3247,108.23,No Logo
3248,108.27,No Logo
3249,108.3,No Logo
3250,108.33,No Logo
3251,108.37,No Logo
3252,108.4,No Logo
3253,108.43,No Logo
3254,108.47,No Logo
3255,108.5,No Logo
3256,108.53,No Logo
3257,108.57,No Logo
3258,108.6,No Logo
3259,108.63,No Logo
3260,108.67,No Logo
3261,108.7,No Logo
3262,108.73,No Logo
3263,108.77,No Logo
3264,108.8,No Logo
3265,108.83,No Logo
3266,108.87,No Logo
3267,108.9,No Logo
3268,108.93,No Logo
3269,108.97,No Logo
3270,109.0,No Logo
3271,109.03,No Logo
3272,109.07,No Logo
3273,109.1,No Logo
3274,109.13,No Logo
3275,109.17,No Logo
3276,109.2,No Logo
3277,109.23,No Logo
3278,109.27,No Logo
3279,109.3,No Logo
3280,109.33,No Logo
3281,109.37,No Logo
3282,109.4,No Logo
3283,109.43,No Logo
3284,109.47,No Logo
3285,109.5,No Logo
3286,109.53,No Logo
3287,109.57,No Logo
3288,109.6,No Logo
3289,109.63,No Logo
3290,109.67,No Logo
3291,109.7,No Logo
3292,109.73,No Logo
3293,109.77,No Logo
3294,109.8,No Logo
3295,109.83,No Logo
3296,109.87,No Logo
3297,109.9,No Logo
3298,109.93,No Logo
3299,109.97,No Logo
3300,110.0,No Logo
3301,110.03,No Logo
3302,110.07,No Logo
3303,110.1,No Logo
3304,110.13,No Logo
3305,110.17,No Logo
3306,110.2,No Logo
3307,110.23,No Logo
3308,110.27,No Logo
3309,110.3,No Logo
3310,110.33,No Logo
3311,110.37,No Logo
3312,110.4,No Logo
3313,110.43,No Logo
3314,110.47,No Logo
3315,110.5,No Logo
3316,110.53,No Logo
3317,110.57,No Logo
3318,110.6,No Logo
3319,110.63,No Logo
3320,110.67,No Logo
3321,110.7,No Logo
3322,110.73,No Logo
3323,110.77,No Logo
3324,110.8,No Logo
3325,110.83,No Logo
3326,110.87,No Logo
3327,110.9,No Logo
3328,110.93,No Logo
3329,110.97,No Logo
3330,111.0,No Logo
3331,111.03,No Logo
3332,111.07,No Logo
3333,111.1,No Logo
3334,111.13,No Logo
3335,111.17,No Logo
3336,111.2,No Logo
3337,111.23,No Logo
3338,111.27,Fully Visible
3339,111.3,Fully Visible
3340,111.33,Fully Visible
3341,111.37,Fully Visible
3342,111.4,Fully Visible
3343,111.43,Fully Visible
3344,111.47,No Logo
3345,111.5,No Logo
3346,111.53,No Logo
3347,111.57,No Logo
3348,111.6,No Logo
3349,111.63,No Logo
3350,111.67,No Logo
3351,111.7,No Logo
3352,111.73,No Logo
3353,111.77,No Logo
3354,111.8,No Logo
3355,111.83,No Logo
3356,111.87,No Logo
3357,111.9,No Logo
3358,111.93,No Logo
3359,111.97,No Logo
3360,112.0,No Logo
3361,112.03,No Logo
3362,112.07,No Logo
3363,112.1,No Logo
3364,112.13,No Logo
3365,112.17,No Logo
3366,112.2,No Logo
3367,112.23,No Logo
3368,112.27,Partially Visible
3369,112.3,Partially Visible
3370,112.33,Partially Visible
3371,112.37,Partially Visible
3372,112.4,Partially Visible
3373,112.43,Partially Visible
3374,112.47,Partially Visible
3375,112.5,Partially Visible
3376,112.53,Partially Visible
3377,112.57,Partially Visible
3378,112.6,Partially Visible
3379,112.63,Partially Visible
3380,112.67,Partially Visible
3381,112.7,Partially Visible
3382,112.73,Partially Visible
3383,112.77,Partially Visible
3384,112.8,Partially Visible
3385,112.83,Partially Visible
3386,112.87,No Logo
3387,112.9,Partially Visible
3388,112.93,Partially Visible
3389,112.97,No Logo
3390,113.0,Partially Visible
3391,113.03,Partially Visible
3392,113.07,Partially Visible
3393,113.1,Partially Visible
3394,113.13,No Logo
3395,113.17,Partially Visible
3396,113.2,Partially Visible
3397,113.23,Partially Visible
3398,113.27,Partially Visible
3399,113.3,Partially Visible
3400,113.33,Partially Visible
3401,113.37,Partially Visible
3402,113.4,Partially Visible
3403,113.43,Partially Visible
3404,113.47,Partially Visible
3405,113.5,Partially Visible
3406,113.53,Partially Visible
3407,113.57,Partially Visible
3408,113.6,Partially Visible
3409,113.63,Partially Visible
3410,113.67,Partially Visible
3411,113.7,Partially Visible
3412,113.73,Partially Visible
3413,113.77,Partially Visible
3414,113.8,Partially Visible
3415,113.83,Partially Visible
3416,113.87,Partially Visible
3417,113.9,Partially Visible
3418,113.93,Partially Visible
3419,113.97,Partially Visible
3420,114.0,Partially Visible
3421,114.03,Partially Visible
3422,114.07,Partially Visible
3423,114.1,Partially Visible
3424,114.13,Partially Visible
3425,114.17,Partially Visible
3426,114.2,Partially Visible
3427,114.23,Partially Visible
3428,114.27,Partially Visible
3429,114.3,Partially Visible
3430,114.33,Partially Visible
3431,114.37,Partially Visible
3432,114.4,Partially Visible
3433,114.43,Partially Visible
3434,114.47,Partially Visible
3435,114.5,Partially Visible
3436,114.53,Partially Visible
3437,114.57,Partially Visible
3438,114.6,Partially Visible
3439,114.63,Partially Visible
3440,114.67,Partially Visible
3441,114.7,Partially Visible
3442,114.73,Partially Visible
3443,114.77,No Logo
3444,114.8,No Logo
3445,114.83,No Logo
3446,114.87,No Logo
3447,114.9,No Logo
3448,114.93,No Logo
3449,114.97,No Logo
3450,115.0,No Logo
3451,115.03,No Logo
3452,115.07,No Logo
3453,115.1,No Logo
3454,115.13,No Logo
3455,115.17,No Logo
3456,115.2,No Logo
3457,115.23,No Logo
3458,115.27,No Logo
3459,115.3,No Logo
3460,115.33,No Logo
3461,115.37,No Logo
3462,115.4,No Logo
3463,115.43,No Logo
3464,115.47,No Logo
3465,115.5,No Logo
3466,115.53,No Logo
3467,115.57,No Logo
3468,115.6,No Logo
3469,115.63,No Logo
3470,115.67,Fully Visible
3471,115.7,Fully Visible
3472,115.73,No Logo
3473,115.77,No Logo
3474,115.8,No Logo
3475,115.83,No Logo
3476,115.87,No Logo
3477,115.9,No Logo
3478,115.93,No Logo
3479,115.97,No Logo
3480,116.0,No Logo
3481,116.03,No Logo
3482,116.07,No Logo
3483,116.1,No Logo
3484,116.13,No Logo
3485,116.17,No Logo
3486,116.2,No Logo
3487,116.23,No Logo
3488,116.27,No Logo
3489,116.3,No Logo
3490,116.33,No Logo
3491,116.37,No Logo
3492,116.4,No Logo
3493,116.43,No Logo
3494,116.47,No Logo
3495,116.5,No Logo
3496,116.53,No Logo
3497,116.57,No Logo
3498,116.6,No Logo
3499,116.63,No Logo
3500,116.67,Fully Visible
3501,116.7,No Logo
3502,116.73,No Logo
3503,116.77,No Logo
3504,116.8,No Logo
3505,116.83,No Logo
3506,116.87,No Logo
3507,116.9,No Logo
3508,116.93,No Logo
3509,116.97,No Logo
3510,117.0,No Logo
3511,117.03,No Logo
3512,117.07,No Logo
3513,117.1,No Logo
3514,117.13,No Logo
3515,117.17,No Logo
3516,117.2,No Logo
3517,117.23,No Logo
3518,117.27,No Logo
3519,117.3,No Logo
3520,117.33,No Logo
3521,117.37,No Logo
3522,117.4,No Logo
3523,117.43,No Logo
3524,117.47,No Logo
3525,117.5,No Logo
3526,117.53,No Logo
3527,117.57,No Logo
3528,117.6,No Logo
3529,117.63,No Logo
3530,117.67,No Logo
3531,117.7,No Logo
3532,117.73,No Logo
3533,117.77,No Logo
3534,117.8,No Logo
3535,117.83,No Logo
3536,117.87,No Logo
3537,117.9,Fully Visible
3538,117.93,Fully Visible
3539,117.97,Fully Visible
3540,118.0,Fully Visible
3541,118.03,Fully Visible
3542,118.07,Fully Visible
3543,118.1,Fully Visible
3544,118.13,Fully Visible
3545,118.17,No Logo
3546,118.2,No Logo
3547,118.23,No Logo
3548,118.27,No Logo
3549,118.3,No Logo
3550,118.33,No Logo
3551,118.37,No Logo
3552,118.4,No Logo
3553,118.43,No Logo
3554,118.47,No Logo
3555,118.5,No Logo
3556,118.53,No Logo
3557,118.57,No Logo
3558,118.6,No Logo
3559,118.63,No Logo
3560,118.67,No Logo
3561,118.7,No Logo
3562,118.73,No Logo
3563,118.77,No Logo
3564,118.8,No Logo
3565,118.83,No Logo
3566,118.87,No Logo
3567,118.9,No Logo
3568,118.93,No Logo
3569,118.97,No Logo
3570,119.0,No Logo
3571,119.03,No Logo
3572,119.07,No Logo
3573,119.1,No Logo
3574,119.13,No Logo
3575,119.17,No Logo
3576,119.2,No Logo
3577,119.23,No Logo
3578,119.27,No Logo
3579,119.3,No Logo
3580,119.33,No Logo
3581,119.37,No Logo
3582,119.4,No Logo
3583,119.43,No Logo
3584,119.47,No Logo
3585,119.5,No Logo
3586,119.53,No Logo
3587,119.57,No Logo
3588,119.6,No Logo
3589,119.63,No Logo
3590,119.67,No Logo
3591,119.7,No Logo
3592,119.73,No Logo
3593,119.77,No Logo
3594,119.8,No Logo
3595,119.83,No Logo
3596,119.87,No Logo
3597,119.9,No Logo
3598,119.93,No Logo
3599,119.97,No Logo
3600,120.0,No Logo
3601,120.03,No Logo
3602,120.07,No Logo
3603,120.1,No Logo
3604,120.13,No Logo
3605,120.17,No Logo
3606,120.2,No Logo
3607,120.23,No Logo
3608,120.27,No Logo
3609,120.3,No Logo
3610,120.33,No Logo
3611,120.37,No Logo
3612,120.4,No Logo
3613,120.43,No Logo
3614,120.47,No Logo
3615,120.5,No Logo
3616,120.53,No Logo
3617,120.57,No Logo
3618,120.6,Partially Visible
3619,120.63,Partially Visible
3620,120.67,No Logo
3621,120.7,No Logo
3622,120.73,No Logo
3623,120.77,No Logo
3624,120.8,No Logo
3625,120.83,No Logo
3626,120.87,No Logo
3627,120.9,No Logo
3628,120.93,No Logo
3629,120.97,No Logo
3630,121.0,No Logo
3631,121.03,No Logo
3632,121.07,No Logo
3633,121.1,No Logo
3634,121.13,No Logo
3635,121.17,No Logo
3636,121.2,No Logo
3637,121.23,No Logo
3638,121.27,No Logo
3639,121.3,No Logo
3640,121.33,No Logo
3641,121.37,No Logo
3642,121.4,No Logo
3643,121.43,No Logo
3644,121.47,No Logo
3645,121.5,No Logo
3646,121.53,No Logo
3647,121.57,No Logo
3648,121.6,No Logo
3649,121.63,No Logo
3650,121.67,No Logo
3651,121.7,No Logo
3652,121.73,No Logo
3653,121.77,No Logo
3654,121.8,No Logo
3655,121.83,No Logo
3656,121.87,No Logo
3657,121.9,No Logo
3658,121.93,No Logo
3659,121.97,No Logo
3660,122.0,No Logo
3661,122.03,No Logo
3662,122.07,No Logo
3663,122.1,No Logo
3664,122.13,No Logo
3665,122.17,No Logo
3666,122.2,No Logo
3667,122.23,No Logo
3668,122.27,No Logo
3669,122.3,No Logo
3670,122.33,No Logo
3671,122.37,No Logo
3672,122.4,No Logo
3673,122.43,No Logo
3674,122.47,No Logo
3675,122.5,No Logo
3676,122.53,No Logo
3677,122.57,No Logo
3678,122.6,No Logo
3679,122.63,No Logo
3680,122.67,Fully Visible
3681,122.7,Fully Visible
3682,122.73,No Logo
3683,122.77,Fully Visible
3684,122.8,Fully Visible
3685,122.83,Fully Visible
3686,122.87,Fully Visible
3687,122.9,Fully Visible
3688,122.93,Fully Visible
3689,122.97,Fully Visible
3690,123.0,Fully Visible
3691,123.03,Fully Visible
3692,123.07,Fully Visible
3693,123.1,Fully Visible
3694,123.13,Fully Visible
3695,123.17,Fully Visible
3696,123.2,Fully Visible
3697,123.23,Fully Visible
3698,123.27,Fully Visible
3699,123.3,Fully Visible
3700,123.33,Fully Visible
3701,123.37,Fully Visible
3702,123.4,Fully Visible
3703,123.43,Fully Visible
3704,123.47,Fully Visible
3705,123.5,Fully Visible
3706,123.53,Fully Visible
3707,123.57,Fully Visible
3708,123.6,Fully Visible
3709,123.63,Fully Visible
3710,123.67,Fully Visible
3711,123.7,Fully Visible
3712,123.73,Fully Visible
3713,123.77,Fully Visible
3714,123.8,Fully Visible
3715,123.83,Fully Visible
3716,123.87,Fully Visible
3717,123.9,Fully Visible
3718,123.93,Fully Visible
3719,123.97,Fully Visible
3720,124.0,Fully Visible
3721,124.03,Fully Visible
3722,124.07,Fully Visible
3723,124.1,Fully Visible
3724,124.13,Fully Visible
3725,124.17,Fully Visible
3726,124.2,Fully Visible
3727,124.23,Fully Visible
3728,124.27,Fully Visible
3729,124.3,No Logo
3730,124.33,No Logo
3731,124.37,No Logo
3732,124.4,No Logo
3733,124.43,No Logo
3734,124.47,No Logo
3735,124.5,No Logo
3736,124.53,No Logo
3737,124.57,No Logo
3738,124.6,No Logo
3739,124.63,No Logo
3740,124.67,No Logo
3741,124.7,No Logo
3742,124.73,No Logo
3743,124.77,No Logo
3744,124.8,No Logo
3745,124.83,No Logo
3746,124.87,No Logo
3747,124.9,No Logo
3748,124.93,No Logo
3749,124.97,No Logo
3750,125.0,No Logo
3751,125.03,No Logo
3752,125.07,No Logo
3753,125.1,No Logo
3754,125.13,No Logo
3755,125.17,No Logo
3756,125.2,No Logo
3757,125.23,No Logo
3758,125.27,No Logo
3759,125.3,No Logo
3760,125.33,No Logo
3761,125.37,No Logo
3762,125.4,No Logo
3763,125.43,No Logo
3764,125.47,No Logo
3765,125.5,No Logo
3766,125.53,No Logo
3767,125.57,No Logo
3768,125.6,No Logo
3769,125.63,No Logo
3770,125.67,No Logo
3771,125.7,No Logo
3772,125.73,No Logo
3773,125.77,No Logo
3774,125.8,No Logo
3775,125.83,No Logo
3776,125.87,No Logo
3777,125.9,No Logo
3778,125.93,No Logo
3779,125.97,No Logo
3780,126.0,No Logo
3781,126.03,No Logo
3782,126.07,No Logo
3783,126.1,No Logo
3784,126.13,No Logo
3785,126.17,No Logo
3786,126.2,No Logo
3787,126.23,No Logo
3788,126.27,No Logo
3789,126.3,No Logo
3790,126.33,No Logo
3791,126.37,No Logo
3792,126.4,No Logo
3793,126.43,No Logo
3794,126.47,No Logo
3795,126.5,No Logo
3796,126.53,No Logo
3797,126.57,No Logo
3798,126.6,No Logo
3799,126.63,No Logo
3800,126.67,No Logo
3801,126.7,No Logo
3802,126.73,No Logo
3803,126.77,No Logo
3804,126.8,No Logo
3805,126.83,No Logo
3806,126.87,No Logo
3807,126.9,No Logo
3808,126.93,No Logo
3809,126.97,No Logo
3810,127.0,No Logo
3811,127.03,No Logo
3812,127.07,No Logo
3813,127.1,No Logo
3814,127.13,No Logo
3815,127.17,No Logo
3816,127.2,No Logo
3817,127.23,No Logo
3818,127.27,No Logo
3819,127.3,No Logo
3820,127.33,No Logo
3821,127.37,No Logo
3822,127.4,No Logo
3823,127.43,No Logo
3824,127.47,No Logo
3825,127.5,No Logo
3826,127.53,No Logo
3827,127.57,No Logo
3828,127.6,No Logo
3829,127.63,No Logo
3830,127.67,No Logo
3831,127.7,No Logo
3832,127.73,No Logo
3833,127.77,No Logo
3834,127.8,No Logo
3835,127.83,No Logo
3836,127.87,No Logo
3837,127.9,No Logo
3838,127.93,No Logo
3839,127.97,No Logo
3840,128.0,No Logo
3841,128.03,No Logo
3842,128.07,No Logo
3843,128.1,No Logo
3844,128.13,No Logo
3845,128.17,No Logo
3846,128.2,No Logo
3847,128.23,No Logo
3848,128.27,No Logo
3849,128.3,No Logo
3850,128.33,No Logo
3851,128.37,No Logo
3852,128.4,No Logo
3853,128.43,No Logo
3854,128.47,No Logo
3855,128.5,No Logo
3856,128.53,No Logo
3857,128.57,No Logo
3858,128.6,No Logo
3859,128.63,No Logo
3860,128.67,No Logo
3861,128.7,No Logo
3862,128.73,No Logo
3863,128.77,No Logo
3864,128.8,No Logo
3865,128.83,No Logo
3866,128.87,No Logo
3867,128.9,No Logo
3868,128.93,No Logo
3869,128.97,No Logo
3870,129.0,No Logo
3871,129.03,No Logo
3872,129.07,No Logo
3873,129.1,No Logo
3874,129.13,No Logo
3875,129.17,No Logo
3876,129.2,No Logo
3877,129.23,No Logo
3878,129.27,No Logo
3879,129.3,No Logo
3880,129.33,No Logo
3881,129.37,No Logo
3882,129.4,No Logo
3883,129.43,No Logo
3884,129.47,No Logo
3885,129.5,No Logo
3886,129.53,No Logo
3887,129.57,No Logo
3888,129.6,No Logo
3889,129.63,No Logo
3890,129.67,No Logo
3891,129.7,No Logo
3892,129.73,No Logo
3893,129.77,No Logo
3894,129.8,No Logo
3895,129.83,No Logo
3896,129.87,No Logo
3897,129.9,No Logo
3898,129.93,No Logo
3899,129.97,No Logo
3900,130.0,No Logo
3901,130.03,No Logo
3902,130.07,No Logo
3903,130.1,No Logo
3904,130.13,No Logo
3905,130.17,No Logo
3906,130.2,No Logo
3907,130.23,No Logo
3908,130.27,No Logo
3909,130.3,No Logo
3910,130.33,No Logo
3911,130.37,No Logo
3912,130.4,No Logo
3913,130.43,No Logo
3914,130.47,No Logo
3915,130.5,No Logo
3916,130.53,No Logo
3917,130.57,No Logo
3918,130.6,No Logo
3919,130.63,No Logo
3920,130.67,No Logo
3921,130.7,No Logo
3922,130.73,No Logo
3923,130.77,No Logo
3924,130.8,No Logo
3925,130.83,No Logo
3926,130.87,No Logo
3927,130.9,No Logo
3928,130.93,No Logo
3929,130.97,No Logo
3930,131.0,No Logo
3931,131.03,No Logo
3932,131.07,No Logo
3933,131.1,No Logo
3934,131.13,No Logo
3935,131.17,No Logo
3936,131.2,No Logo
3937,131.23,No Logo
3938,131.27,No Logo
3939,131.3,No Logo
3940,131.33,No Logo
3941,131.37,No Logo
3942,131.4,No Logo
3943,131.43,No Logo
3944,131.47,No Logo
3945,131.5,No Logo
3946,131.53,No Logo
3947,131.57,No Logo
3948,131.6,No Logo
3949,131.63,No Logo
3950,131.67,No Logo
3951,131.7,No Logo
3952,131.73,No Logo
3953,131.77,No Logo
3954,131.8,No Logo
3955,131.83,No Logo
3956,131.87,No Logo
3957,131.9,No Logo
3958,131.93,No Logo
3959,131.97,No Logo
3960,132.0,No Logo
3961,132.03,No Logo
3962,132.07,No Logo
3963,132.1,No Logo
3964,132.13,No Logo
3965,132.17,No Logo
3966,132.2,No Logo
3967,132.23,No Logo
3968,132.27,No Logo
3969,132.3,No Logo
3970,132.33,No Logo
3971,132.37,No Logo
3972,132.4,No Logo
3973,132.43,No Logo
3974,132.47,No Logo
3975,132.5,No Logo
3976,132.53,No Logo
3977,132.57,No Logo
3978,132.6,No Logo
3979,132.63,No Logo
3980,132.67,No Logo
3981,132.7,No Logo
3982,132.73,No Logo
3983,132.77,No Logo
3984,132.8,No Logo
3985,132.83,No Logo
3986,132.87,No Logo
3987,132.9,No Logo
3988,132.93,No Logo
3989,132.97,No Logo
3990,133.0,No Logo
3991,133.03,No Logo
3992,133.07,No Logo
3993,133.1,No Logo
3994,133.13,No Logo
3995,133.17,No Logo
3996,133.2,No Logo
3997,133.23,No Logo
3998,133.27,No Logo
3999,133.3,No Logo
4000,133.33,No Logo
4001,133.37,No Logo
4002,133.4,No Logo
4003,133.43,No Logo
4004,133.47,No Logo
4005,133.5,No Logo
4006,133.53,No Logo
4007,133.57,No Logo
4008,133.6,No Logo
4009,133.63,No Logo
4010,133.67,No Logo
4011,133.7,No Logo
4012,133.73,No Logo
4013,133.77,No Logo
4014,133.8,No Logo
4015,133.83,No Logo
4016,133.87,No Logo
4017,133.9,No Logo
4018,133.93,No Logo
4019,133.97,No Logo
4020,134.0,No Logo
4021,134.03,No Logo
4022,134.07,No Logo
4023,134.1,No Logo
4024,134.13,No Logo
4025,134.17,No Logo
4026,134.2,No Logo
4027,134.23,No Logo
4028,134.27,No Logo
4029,134.3,No Logo
4030,134.33,No Logo
4031,134.37,No Logo
4032,134.4,No Logo
4033,134.43,No Logo
4034,134.47,No Logo
4035,134.5,No Logo
4036,134.53,No Logo
4037,134.57,No Logo
4038,134.6,No Logo
4039,134.63,No Logo
4040,134.67,No Logo
4041,134.7,No Logo
4042,134.73,No Logo
4043,134.77,No Logo
4044,134.8,No Logo
4045,134.83,No Logo
4046,134.87,No Logo
4047,134.9,No Logo
4048,134.93,No Logo
4049,134.97,No Logo
4050,135.0,No Logo
4051,135.03,No Logo
4052,135.07,No Logo
4053,135.1,No Logo
4054,135.13,No Logo
4055,135.17,No Logo
4056,135.2,No Logo
4057,135.23,No Logo
4058,135.27,No Logo
4059,135.3,No Logo
4060,135.33,No Logo
4061,135.37,No Logo
4062,135.4,No Logo
4063,135.43,No Logo
4064,135.47,No Logo
4065,135.5,No Logo
4066,135.53,No Logo
4067,135.57,No Logo
4068,135.6,No Logo
4069,135.63,No Logo
4070,135.67,No Logo
4071,135.7,No Logo
4072,135.73,No Logo
4073,135.77,No Logo
4074,135.8,No Logo
4075,135.83,No Logo
4076,135.87,No Logo
4077,135.9,No Logo
4078,135.93,No Logo
4079,135.97,No Logo
4080,136.0,No Logo
4081,136.03,No Logo
4082,136.07,No Logo
4083,136.1,No Logo
4084,136.13,No Logo
4085,136.17,No Logo
4086,136.2,Fully Visible
4087,136.23,Fully Visible
4088,136.27,Fully Visible
4089,136.3,Fully Visible
4090,136.33,Fully Visible
4091,136.37,Fully Visible
4092,136.4,Fully Visible
4093,136.43,Fully Visible
4094,136.47,Fully Visible
4095,136.5,Fully Visible
4096,136.53,No Logo
4097,136.57,No Logo
4098,136.6,No Logo
4099,136.63,No Logo
4100,136.67,No Logo
4101,136.7,No Logo
4102,136.73,No Logo
4103,136.77,No Logo
4104,136.8,No Logo
4105,136.83,No Logo
4106,136.87,No Logo
4107,136.9,No Logo
4108,136.93,No Logo
4109,136.97,No Logo
4110,137.0,No Logo
4111,137.03,No Logo
4112,137.07,No Logo
4113,137.1,No Logo
4114,137.13,No Logo
4115,137.17,No Logo
4116,137.2,No Logo
4117,137.23,No Logo
4118,137.27,No Logo
4119,137.3,No Logo
4120,137.33,No Logo
4121,137.37,No Logo
4122,137.4,No Logo
4123,137.43,No Logo
4124,137.47,No Logo
4125,137.5,No Logo
4126,137.53,No Logo
4127,137.57,No Logo
4128,137.6,No Logo
4129,137.63,No Logo
4130,137.67,No Logo
4131,137.7,No Logo
4132,137.73,No Logo
4133,137.77,No Logo
4134,137.8,No Logo
4135,137.83,No Logo
4136,137.87,No Logo
4137,137.9,No Logo
4138,137.93,No Logo
4139,137.97,No Logo
4140,138.0,No Logo
4141,138.03,No Logo
4142,138.07,No Logo
4143,138.1,No Logo
4144,138.13,No Logo
4145,138.17,No Logo
4146,138.2,No Logo
4147,138.23,No Logo
4148,138.27,No Logo
4149,138.3,No Logo
4150,138.33,No Logo
4151,138.37,No Logo
4152,138.4,No Logo
4153,138.43,No Logo
4154,138.47,No Logo
4155,138.5,No Logo
4156,138.53,No Logo
4157,138.57,No Logo
4158,138.6,No Logo
4159,138.63,No Logo
4160,138.67,No Logo
4161,138.7,No Logo
4162,138.73,No Logo
4163,138.77,No Logo
4164,138.8,No Logo
4165,138.83,No Logo
4166,138.87,No Logo
4167,138.9,No Logo
4168,138.93,No Logo
4169,138.97,No Logo
4170,139.0,No Logo
4171,139.03,No Logo
4172,139.07,No Logo
4173,139.1,No Logo
4174,139.13,No Logo
4175,139.17,No Logo
4176,139.2,No Logo
4177,139.23,No Logo
4178,139.27,No Logo
4179,139.3,No Logo
4180,139.33,No Logo
4181,139.37,No Logo
4182,139.4,No Logo
4183,139.43,No Logo
4184,139.47,No Logo
4185,139.5,No Logo
4186,139.53,No Logo
4187,139.57,No Logo
4188,139.6,No Logo
4189,139.63,No Logo
4190,139.67,No Logo
4191,139.7,No Logo
4192,139.73,No Logo
4193,139.77,No Logo
4194,139.8,No Logo
4195,139.83,No Logo
4196,139.87,No Logo
4197,139.9,No Logo
4198,139.93,No Logo
4199,139.97,No Logo
4200,140.0,No Logo
4201,140.03,No Logo
4202,140.07,No Logo
4203,140.1,No Logo
4204,140.13,No Logo
4205,140.17,No Logo
4206,140.2,No Logo
4207,140.23,No Logo
4208,140.27,No Logo
4209,140.3,No Logo
4210,140.33,No Logo
4211,140.37,No Logo
4212,140.4,No Logo
4213,140.43,No Logo
4214,140.47,No Logo
4215,140.5,No Logo
4216,140.53,No Logo
4217,140.57,No Logo
4218,140.6,No Logo
4219,140.63,No Logo
4220,140.67,No Logo
4221,140.7,No Logo
4222,140.73,No Logo
4223,140.77,No Logo
4224,140.8,No Logo
4225,140.83,No Logo
4226,140.87,No Logo
4227,140.9,No Logo
4228,140.93,No Logo
4229,140.97,No Logo
4230,141.0,No Logo
4231,141.03,No Logo
4232,141.07,No Logo
4233,141.1,No Logo
4234,141.13,No Logo
4235,141.17,No Logo
4236,141.2,No Logo
4237,141.23,No Logo
4238,141.27,No Logo
4239,141.3,No Logo
4240,141.33,No Logo
4241,141.37,No Logo
4242,141.4,No Logo
4243,141.43,No Logo
4244,141.47,No Logo
4245,141.5,No Logo
4246,141.53,No Logo
4247,141.57,No Logo
4248,141.6,No Logo
4249,141.63,No Logo
4250,141.67,No Logo
4251,141.7,No Logo
4252,141.73,No Logo
4253,141.77,No Logo
4254,141.8,No Logo
4255,141.83,No Logo
4256,141.87,No Logo
4257,141.9,No Logo
4258,141.93,No Logo
4259,141.97,No Logo
4260,142.0,No Logo
4261,142.03,No Logo
4262,142.07,No Logo
4263,142.1,No Logo
4264,142.13,No Logo
4265,142.17,No Logo
4266,142.2,No Logo
4267,142.23,No Logo
4268,142.27,No Logo
4269,142.3,No Logo
4270,142.33,No Logo
4271,142.37,No Logo
4272,142.4,No Logo
4273,142.43,No Logo
4274,142.47,No Logo
4275,142.5,No Logo
4276,142.53,No Logo
4277,142.57,No Logo
4278,142.6,No Logo
4279,142.63,No Logo
4280,142.67,No Logo
4281,142.7,No Logo
4282,142.73,No Logo
4283,142.77,No Logo
4284,142.8,No Logo
4285,142.83,No Logo
4286,142.87,No Logo
4287,142.9,No Logo
4288,142.93,No Logo
4289,142.97,No Logo
4290,143.0,No Logo
4291,143.03,No Logo
4292,143.07,No Logo
4293,143.1,No Logo
4294,143.13,No Logo
4295,143.17,No Logo
4296,143.2,No Logo
4297,143.23,No Logo
4298,143.27,No Logo
4299,143.3,No Logo
4300,143.33,No Logo
4301,143.37,No Logo
4302,143.4,No Logo
4303,143.43,No Logo
4304,143.47,No Logo
4305,143.5,No Logo
4306,143.53,No Logo
4307,143.57,No Logo
4308,143.6,No Logo
4309,143.63,No Logo
4310,143.67,No Logo
4311,143.7,No Logo
4312,143.73,No Logo
4313,143.77,No Logo
4314,143.8,No Logo
4315,143.83,No Logo
4316,143.87,No Logo
4317,143.9,No Logo
4318,143.93,No Logo
4319,143.97,No Logo
4320,144.0,No Logo
4321,144.03,No Logo
4322,144.07,No Logo
4323,144.1,No Logo
4324,144.13,No Logo
4325,144.17,No Logo
4326,144.2,No Logo
4327,144.23,No Logo
4328,144.27,No Logo
4329,144.3,No Logo
4330,144.33,No Logo
4331,144.37,No Logo
4332,144.4,No Logo
4333,144.43,No Logo
4334,144.47,No Logo
4335,144.5,No Logo
4336,144.53,No Logo
4337,144.57,No Logo
4338,144.6,No Logo
4339,144.63,No Logo
4340,144.67,No Logo
4341,144.7,No Logo
4342,144.73,No Logo
4343,144.77,No Logo
4344,144.8,No Logo
4345,144.83,No Logo
4346,144.87,No Logo
4347,144.9,No Logo
4348,144.93,No Logo
4349,144.97,No Logo
4350,145.0,No Logo
4351,145.03,No Logo
4352,145.07,No Logo
4353,145.1,No Logo
4354,145.13,No Logo
4355,145.17,No Logo
4356,145.2,No Logo
4357,145.23,No Logo
4358,145.27,No Logo
4359,145.3,No Logo
4360,145.33,No Logo
4361,145.37,No Logo
4362,145.4,No Logo
4363,145.43,No Logo
4364,145.47,No Logo
4365,145.5,No Logo
4366,145.53,No Logo
4367,145.57,No Logo
4368,145.6,No Logo
4369,145.63,No Logo
4370,145.67,No Logo
4371,145.7,No Logo
4372,145.73,No Logo
4373,145.77,No Logo
4374,145.8,No Logo
4375,145.83,No Logo
4376,145.87,No Logo
4377,145.9,No Logo
4378,145.93,No Logo
4379,145.97,No Logo
4380,146.0,No Logo
4381,146.03,No Logo
4382,146.07,No Logo
4383,146.1,No Logo
4384,146.13,No Logo
4385,146.17,No Logo
4386,146.2,No Logo
4387,146.23,No Logo
4388,146.27,No Logo
4389,146.3,No Logo
4390,146.33,No Logo
4391,146.37,No Logo
4392,146.4,No Logo
4393,146.43,No Logo
4394,146.47,No Logo
4395,146.5,No Logo
4396,146.53,No Logo
4397,146.57,No Logo
4398,146.6,No Logo
4399,146.63,No Logo
4400,146.67,No Logo
4401,146.7,No Logo
4402,146.73,No Logo
4403,146.77,No Logo
4404,146.8,No Logo
4405,146.83,No Logo
4406,146.87,No Logo
4407,146.9,No Logo
4408,146.93,No Logo
4409,146.97,No Logo
4410,147.0,No Logo
4411,147.03,No Logo
4412,147.07,No Logo
4413,147.1,No Logo
4414,147.13,No Logo
4415,147.17,No Logo
4416,147.2,No Logo
4417,147.23,No Logo
4418,147.27,No Logo
4419,147.3,No Logo
4420,147.33,No Logo
4421,147.37,No Logo
4422,147.4,No Logo
4423,147.43,No Logo
4424,147.47,No Logo
4425,147.5,No Logo
4426,147.53,No Logo
4427,147.57,No Logo
4428,147.6,No Logo
4429,147.63,No Logo
4430,147.67,No Logo
4431,147.7,No Logo
4432,147.73,No Logo
4433,147.77,No Logo
4434,147.8,No Logo
4435,147.83,No Logo
4436,147.87,No Logo
4437,147.9,No Logo
4438,147.93,No Logo
4439,147.97,No Logo
4440,148.0,No Logo
4441,148.03,No Logo
4442,148.07,No Logo
4443,148.1,No Logo
4444,148.13,No Logo
4445,148.17,No Logo
4446,148.2,No Logo
4447,148.23,No Logo
4448,148.27,No Logo
4449,148.3,No Logo
4450,148.33,No Logo
4451,148.37,No Logo
4452,148.4,No Logo
4453,148.43,No Logo
4454,148.47,No Logo
4455,148.5,No Logo
4456,148.53,No Logo
4457,148.57,No Logo
4458,148.6,No Logo
4459,148.63,No Logo
4460,148.67,No Logo
4461,148.7,No Logo
4462,148.73,No Logo
4463,148.77,No Logo
4464,148.8,No Logo
4465,148.83,No Logo
4466,148.87,No Logo
4467,148.9,No Logo
4468,148.93,No Logo
4469,148.97,No Logo
4470,149.0,No Logo
4471,149.03,No Logo
4472,149.07,No Logo
4473,149.1,No Logo
4474,149.13,No Logo
4475,149.17,No Logo
4476,149.2,No Logo
4477,149.23,No Logo
4478,149.27,No Logo
4479,149.3,No Logo
4480,149.33,No Logo
4481,149.37,No Logo
4482,149.4,No Logo
4483,149.43,No Logo
4484,149.47,No Logo
4485,149.5,No Logo
4486,149.53,No Logo
4487,149.57,No Logo
4488,149.6,No Logo
4489,149.63,No Logo
4490,149.67,No Logo
4491,149.7,No Logo
4492,149.73,No Logo
4493,149.77,No Logo
4494,149.8,No Logo
4495,149.83,No Logo
4496,149.87,No Logo
4497,149.9,No Logo
4498,149.93,No Logo
4499,149.97,No Logo
4500,150.0,No Logo
4501,150.03,No Logo
4502,150.07,No Logo
4503,150.1,No Logo
4504,150.13,No Logo
4505,150.17,No Logo
4506,150.2,No Logo
4507,150.23,No Logo
4508,150.27,No Logo
4509,150.3,No Logo
4510,150.33,No Logo
4511,150.37,No Logo
4512,150.4,No Logo
4513,150.43,No Logo
4514,150.47,No Logo
4515,150.5,No Logo
4516,150.53,No Logo
4517,150.57,No Logo
4518,150.6,No Logo
4519,150.63,No Logo
4520,150.67,No Logo
4521,150.7,No Logo
4522,150.73,No Logo
4523,150.77,No Logo
4524,150.8,No Logo
4525,150.83,No Logo
4526,150.87,No Logo
4527,150.9,No Logo
4528,150.93,No Logo
4529,150.97,No Logo
4530,151.0,No Logo
4531,151.03,No Logo
4532,151.07,No Logo
4533,151.1,No Logo
4534,151.13,No Logo
4535,151.17,No Logo
4536,151.2,No Logo
4537,151.23,No Logo
4538,151.27,No Logo
4539,151.3,No Logo
4540,151.33,No Logo
4541,151.37,No Logo
4542,151.4,No Logo
4543,151.43,No Logo
4544,151.47,No Logo
4545,151.5,No Logo
4546,151.53,No Logo
4547,151.57,No Logo
4548,151.6,No Logo
4549,151.63,No Logo
4550,151.67,No Logo
4551,151.7,No Logo
4552,151.73,No Logo
4553,151.77,No Logo
4554,151.8,No Logo
4555,151.83,No Logo
4556,151.87,No Logo
4557,151.9,No Logo
4558,151.93,No Logo
4559,151.97,No Logo
4560,152.0,No Logo
4561,152.03,No Logo
4562,152.07,No Logo
4563,152.1,No Logo
4564,152.13,No Logo
4565,152.17,No Logo
4566,152.2,No Logo
4567,152.23,No Logo
4568,152.27,No Logo
4569,152.3,No Logo
4570,152.33,No Logo
4571,152.37,No Logo
4572,152.4,No Logo
4573,152.43,No Logo
4574,152.47,No Logo
4575,152.5,No Logo
4576,152.53,No Logo
4577,152.57,No Logo
4578,152.6,No Logo
4579,152.63,No Logo
4580,152.67,No Logo
4581,152.7,No Logo
4582,152.73,No Logo
4583,152.77,No Logo
4584,152.8,No Logo
4585,152.83,No Logo
4586,152.87,No Logo
4587,152.9,No Logo
4588,152.93,No Logo
4589,152.97,No Logo
4590,153.0,No Logo
4591,153.03,No Logo
4592,153.07,No Logo
4593,153.1,No Logo
4594,153.13,No Logo
4595,153.17,No Logo
4596,153.2,No Logo
4597,153.23,No Logo
4598,153.27,No Logo
4599,153.3,No Logo
4600,153.33,No Logo
4601,153.37,No Logo
4602,153.4,No Logo
4603,153.43,No Logo
4604,153.47,No Logo
4605,153.5,No Logo
4606,153.53,No Logo
4607,153.57,No Logo
4608,153.6,No Logo
4609,153.63,No Logo
4610,153.67,No Logo
4611,153.7,No Logo
4612,153.73,No Logo
4613,153.77,No Logo
4614,153.8,No Logo
4615,153.83,No Logo
4616,153.87,No Logo
4617,153.9,No Logo
4618,153.93,No Logo
4619,153.97,No Logo
4620,154.0,No Logo
4621,154.03,No Logo
4622,154.07,No Logo
4623,154.1,No Logo
4624,154.13,No Logo
4625,154.17,No Logo
4626,154.2,No Logo
4627,154.23,No Logo
4628,154.27,No Logo
4629,154.3,No Logo
4630,154.33,No Logo
4631,154.37,No Logo
4632,154.4,No Logo
4633,154.43,No Logo
4634,154.47,No Logo
4635,154.5,No Logo
4636,154.53,No Logo
4637,154.57,No Logo
4638,154.6,No Logo
4639,154.63,No Logo
4640,154.67,No Logo
4641,154.7,No Logo
4642,154.73,No Logo
4643,154.77,No Logo
4644,154.8,No Logo
4645,154.83,No Logo
4646,154.87,No Logo
4647,154.9,No Logo
4648,154.93,No Logo
4649,154.97,No Logo
4650,155.0,No Logo
4651,155.03,No Logo
4652,155.07,No Logo
4653,155.1,No Logo
4654,155.13,No Logo
4655,155.17,No Logo
4656,155.2,No Logo
4657,155.23,No Logo
4658,155.27,No Logo
4659,155.3,No Logo
4660,155.33,No Logo
4661,155.37,No Logo
4662,155.4,No Logo
4663,155.43,No Logo
4664,155.47,No Logo
4665,155.5,No Logo
4666,155.53,No Logo
4667,155.57,No Logo
4668,155.6,No Logo
4669,155.63,No Logo
4670,155.67,No Logo
4671,155.7,No Logo
4672,155.73,No Logo
4673,155.77,No Logo
4674,155.8,No Logo
4675,155.83,No Logo
4676,155.87,No Logo
4677,155.9,No Logo
4678,155.93,No Logo
4679,155.97,No Logo
4680,156.0,No Logo
4681,156.03,No Logo
4682,156.07,No Logo
4683,156.1,No Logo
4684,156.13,No Logo
4685,156.17,No Logo
4686,156.2,No Logo
4687,156.23,No Logo
4688,156.27,No Logo
4689,156.3,No Logo
4690,156.33,No Logo
4691,156.37,No Logo
4692,156.4,No Logo
4693,156.43,No Logo
4694,156.47,No Logo
4695,156.5,No Logo
4696,156.53,No Logo
4697,156.57,No Logo
4698,156.6,No Logo
4699,156.63,No Logo
4700,156.67,No Logo
4701,156.7,No Logo
4702,156.73,No Logo
4703,156.77,No Logo
4704,156.8,No Logo
4705,156.83,No Logo
4706,156.87,No Logo
4707,156.9,No Logo
4708,156.93,No Logo
4709,156.97,No Logo
4710,157.0,No Logo
4711,157.03,No Logo
4712,157.07,No Logo
4713,157.1,No Logo
4714,157.13,No Logo
4715,157.17,No Logo
4716,157.2,No Logo
4717,157.23,No Logo
4718,157.27,No Logo
4719,157.3,No Logo
4720,157.33,No Logo
4721,157.37,No Logo
4722,157.4,No Logo
4723,157.43,No Logo
4724,157.47,No Logo
4725,157.5,No Logo
4726,157.53,No Logo
4727,157.57,No Logo
4728,157.6,No Logo
4729,157.63,No Logo
4730,157.67,No Logo
4731,157.7,Fully Visible
4732,157.73,Fully Visible
4733,157.77,Fully Visible
4734,157.8,No Logo
4735,157.83,No Logo
4736,157.87,No Logo
4737,157.9,No Logo
4738,157.93,Fully Visible
4739,157.97,Fully Visible
4740,158.0,Fully Visible
4741,158.03,Fully Visible
4742,158.07,No Logo
4743,158.1,Fully Visible
4744,158.13,Fully Visible
4745,158.17,No Logo
4746,158.2,No Logo
4747,158.23,No Logo
4748,158.27,No Logo
4749,158.3,Fully Visible
4750,158.33,No Logo
4751,158.37,No Logo
4752,158.4,No Logo
4753,158.43,No Logo
4754,158.47,No Logo
4755,158.5,Fully Visible
4756,158.53,Fully Visible
4757,158.57,Fully Visible
4758,158.6,Fully Visible
4759,158.63,Fully Visible
4760,158.67,Fully Visible
4761,158.7,No Logo
4762,158.73,No Logo
4763,158.77,No Logo
4764,158.8,No Logo
4765,158.83,No Logo
4766,158.87,No Logo
4767,158.9,No Logo
4768,158.93,No Logo
4769,158.97,No Logo
4770,159.0,No Logo
4771,159.03,No Logo
4772,159.07,No Logo
4773,159.1,No Logo
4774,159.13,No Logo
4775,159.17,No Logo
4776,159.2,No Logo
4777,159.23,No Logo
4778,159.27,No Logo
4779,159.3,No Logo
4780,159.33,No Logo
4781,159.37,No Logo
4782,159.4,No Logo
4783,159.43,No Logo
4784,159.47,No Logo
4785,159.5,No Logo
4786,159.53,No Logo
4787,159.57,No Logo
4788,159.6,No Logo
4789,159.63,No Logo
4790,159.67,No Logo
4791,159.7,No Logo
4792,159.73,No Logo
4793,159.77,No Logo
4794,159.8,No Logo
4795,159.83,No Logo
4796,159.87,No Logo
4797,159.9,No Logo
4798,159.93,No Logo
4799,159.97,No Logo
4800,160.0,No Logo
4801,160.03,No Logo
4802,160.07,No Logo
4803,160.1,No Logo
4804,160.13,No Logo
4805,160.17,No Logo
4806,160.2,No Logo
4807,160.23,No Logo
4808,160.27,No Logo
4809,160.3,No Logo
4810,160.33,No Logo
4811,160.37,No Logo
4812,160.4,No Logo
4813,160.43,No Logo
4814,160.47,No Logo
4815,160.5,Fully Visible
4816,160.53,No Logo
4817,160.57,No Logo
4818,160.6,No Logo
4819,160.63,No Logo
4820,160.67,No Logo
4821,160.7,No Logo
4822,160.73,No Logo
4823,160.77,No Logo
4824,160.8,No Logo
4825,160.83,No Logo
4826,160.87,No Logo
4827,160.9,No Logo
4828,160.93,No Logo
4829,160.97,No Logo
4830,161.0,No Logo
4831,161.03,No Logo
4832,161.07,No Logo
4833,161.1,No Logo
4834,161.13,No Logo
4835,161.17,No Logo
4836,161.2,No Logo
4837,161.23,No Logo
4838,161.27,No Logo
4839,161.3,No Logo
4840,161.33,No Logo
4841,161.37,No Logo
4842,161.4,No Logo
4843,161.43,No Logo
4844,161.47,Fully Visible
4845,161.5,No Logo
4846,161.53,No Logo
4847,161.57,No Logo
4848,161.6,No Logo
4849,161.63,No Logo
4850,161.67,No Logo
4851,161.7,No Logo
4852,161.73,No Logo
4853,161.77,No Logo
4854,161.8,No Logo
4855,161.83,No Logo
4856,161.87,No Logo
4857,161.9,No Logo
4858,161.93,No Logo
4859,161.97,No Logo
4860,162.0,No Logo
4861,162.03,No Logo
4862,162.07,No Logo
4863,162.1,No Logo
4864,162.13,No Logo
4865,162.17,No Logo
4866,162.2,No Logo
4867,162.23,No Logo
4868,162.27,No Logo
4869,162.3,No Logo
4870,162.33,No Logo
4871,162.37,No Logo
4872,162.4,No Logo
4873,162.43,No Logo
4874,162.47,No Logo
4875,162.5,No Logo
4876,162.53,No Logo
4877,162.57,No Logo
4878,162.6,No Logo
4879,162.63,No Logo
4880,162.67,No Logo
4881,162.7,No Logo
4882,162.73,No Logo
4883,162.77,No Logo
4884,162.8,No Logo
4885,162.83,No Logo
4886,162.87,No Logo
4887,162.9,No Logo
4888,162.93,No Logo
4889,162.97,No Logo
4890,163.0,No Logo
4891,163.03,No Logo
4892,163.07,No Logo
4893,163.1,No Logo
4894,163.13,No Logo
4895,163.17,No Logo
4896,163.2,No Logo
4897,163.23,No Logo
4898,163.27,No Logo
4899,163.3,No Logo
4900,163.33,No Logo
4901,163.37,No Logo
4902,163.4,No Logo
4903,163.43,No Logo
4904,163.47,No Logo
4905,163.5,No Logo
4906,163.53,No Logo
4907,163.57,No Logo
4908,163.6,No Logo
4909,163.63,No Logo
4910,163.67,No Logo
4911,163.7,No Logo
4912,163.73,No Logo
4913,163.77,No Logo
4914,163.8,No Logo
4915,163.83,No Logo
4916,163.87,No Logo
4917,163.9,No Logo
4918,163.93,No Logo
4919,163.97,No Logo
4920,164.0,No Logo
4921,164.03,No Logo
4922,164.07,No Logo
4923,164.1,No Logo
4924,164.13,No Logo
4925,164.17,No Logo
4926,164.2,No Logo
4927,164.23,No Logo
4928,164.27,No Logo
4929,164.3,No Logo
4930,164.33,No Logo
4931,164.37,No Logo
4932,164.4,No Logo
4933,164.43,No Logo
4934,164.47,No Logo
4935,164.5,No Logo
4936,164.53,No Logo
4937,164.57,No Logo
4938,164.6,No Logo
4939,164.63,No Logo
4940,164.67,No Logo
4941,164.7,No Logo
4942,164.73,No Logo
4943,164.77,No Logo
4944,164.8,No Logo
4945,164.83,No Logo
4946,164.87,No Logo
4947,164.9,No Logo
4948,164.93,No Logo
4949,164.97,No Logo
4950,165.0,No Logo
4951,165.03,No Logo
4952,165.07,No Logo
4953,165.1,No Logo
4954,165.13,No Logo
4955,165.17,No Logo
4956,165.2,No Logo
4957,165.23,No Logo
4958,165.27,No Logo
4959,165.3,No Logo
4960,165.33,No Logo
4961,165.37,No Logo
4962,165.4,No Logo
4963,165.43,No Logo
4964,165.47,No Logo
4965,165.5,No Logo
4966,165.53,No Logo
4967,165.57,No Logo
4968,165.6,No Logo
4969,165.63,No Logo
4970,165.67,No Logo
4971,165.7,No Logo
4972,165.73,No Logo
4973,165.77,No Logo
4974,165.8,No Logo
4975,165.83,No Logo
4976,165.87,No Logo
4977,165.9,No Logo
4978,165.93,No Logo
4979,165.97,No Logo
4980,166.0,No Logo
4981,166.03,No Logo
4982,166.07,No Logo
4983,166.1,No Logo
4984,166.13,No Logo
4985,166.17,No Logo
4986,166.2,No Logo
4987,166.23,No Logo
4988,166.27,No Logo
4989,166.3,No Logo
4990,166.33,No Logo
4991,166.37,No Logo
4992,166.4,No Logo
4993,166.43,No Logo
4994,166.47,No Logo
4995,166.5,No Logo
4996,166.53,No Logo
4997,166.57,No Logo
4998,166.6,No Logo
4999,166.63,No Logo
5000,166.67,No Logo
5001,166.7,No Logo
5002,166.73,No Logo
5003,166.77,No Logo
5004,166.8,No Logo
5005,166.83,No Logo
5006,166.87,No Logo
5007,166.9,No Logo
5008,166.93,No Logo
5009,166.97,No Logo
5010,167.0,No Logo
5011,167.03,No Logo
5012,167.07,No Logo
5013,167.1,No Logo
5014,167.13,No Logo
5015,167.17,No Logo
5016,167.2,No Logo
5017,167.23,No Logo
5018,167.27,No Logo
5019,167.3,No Logo
5020,167.33,No Logo
5021,167.37,No Logo
5022,167.4,No Logo
5023,167.43,No Logo
5024,167.47,No Logo
5025,167.5,No Logo
5026,167.53,No Logo
5027,167.57,No Logo
5028,167.6,No Logo
5029,167.63,No Logo
5030,167.67,No Logo
5031,167.7,No Logo
5032,167.73,No Logo
5033,167.77,No Logo
5034,167.8,No Logo
5035,167.83,No Logo
5036,167.87,No Logo
5037,167.9,No Logo
5038,167.93,No Logo
5039,167.97,No Logo
5040,168.0,No Logo
5041,168.03,No Logo
5042,168.07,No Logo
5043,168.1,No Logo
5044,168.13,No Logo
5045,168.17,No Logo
5046,168.2,No Logo
5047,168.23,No Logo
5048,168.27,No Logo
5049,168.3,No Logo
5050,168.33,No Logo
5051,168.37,No Logo
5052,168.4,No Logo
5053,168.43,No Logo
5054,168.47,No Logo
5055,168.5,No Logo
5056,168.53,No Logo
5057,168.57,No Logo
5058,168.6,No Logo
5059,168.63,No Logo
5060,168.67,No Logo
5061,168.7,No Logo
5062,168.73,No Logo
5063,168.77,No Logo
5064,168.8,No Logo
5065,168.83,No Logo
5066,168.87,No Logo
5067,168.9,No Logo
5068,168.93,No Logo
5069,168.97,No Logo
5070,169.0,No Logo
5071,169.03,No Logo
5072,169.07,Fully Visible
5073,169.1,Fully Visible
5074,169.13,Fully Visible
5075,169.17,Fully Visible
5076,169.2,Fully Visible
5077,169.23,Fully Visible
5078,169.27,Fully Visible
5079,169.3,Fully Visible
5080,169.33,Fully Visible
5081,169.37,No Logo
5082,169.4,No Logo
5083,169.43,No Logo
5084,169.47,No Logo
5085,169.5,No Logo
5086,169.53,No Logo
5087,169.57,No Logo
5088,169.6,No Logo
5089,169.63,No Logo
5090,169.67,No Logo
5091,169.7,No Logo
5092,169.73,No Logo
5093,169.77,No Logo
5094,169.8,No Logo
5095,169.83,No Logo
5096,169.87,No Logo
5097,169.9,No Logo
5098,169.93,No Logo
5099,169.97,No Logo
5100,170.0,No Logo
5101,170.03,No Logo
5102,170.07,No Logo
5103,170.1,No Logo
5104,170.13,Fully Visible
5105,170.17,Fully Visible
5106,170.2,No Logo
5107,170.23,No Logo
5108,170.27,Partially Visible
5109,170.3,No Logo
5110,170.33,No Logo
5111,170.37,No Logo
5112,170.4,Fully Visible
5113,170.43,Fully Visible
5114,170.47,Fully Visible
5115,170.5,No Logo
5116,170.53,Fully Visible
5117,170.57,Fully Visible
5118,170.6,No Logo
5119,170.63,No Logo
5120,170.67,No Logo
5121,170.7,No Logo
5122,170.73,No Logo
5123,170.77,No Logo
5124,170.8,No Logo
5125,170.83,No Logo
5126,170.87,No Logo
5127,170.9,No Logo
5128,170.93,No Logo
5129,170.97,No Logo
5130,171.0,No Logo
5131,171.03,No Logo
5132,171.07,No Logo
5133,171.1,No Logo
5134,171.13,No Logo
5135,171.17,No Logo
5136,171.2,No Logo
5137,171.23,No Logo
5138,171.27,No Logo
5139,171.3,No Logo
5140,171.33,No Logo
5141,171.37,No Logo
5142,171.4,No Logo
5143,171.43,No Logo
5144,171.47,No Logo
5145,171.5,No Logo
5146,171.53,No Logo
5147,171.57,No Logo
5148,171.6,No Logo
5149,171.63,No Logo
5150,171.67,No Logo
5151,171.7,No Logo
5152,171.73,No Logo
5153,171.77,No Logo
5154,171.8,No Logo
5155,171.83,No Logo
5156,171.87,No Logo
5157,171.9,No Logo
5158,171.93,No Logo
5159,171.97,No Logo
5160,172.0,No Logo
5161,172.03,No Logo
5162,172.07,No Logo
5163,172.1,No Logo
5164,172.13,No Logo
5165,172.17,No Logo
5166,172.2,No Logo
5167,172.23,No Logo
5168,172.27,No Logo
5169,172.3,No Logo
5170,172.33,No Logo
5171,172.37,No Logo
5172,172.4,No Logo
5173,172.43,No Logo
5174,172.47,No Logo
5175,172.5,No Logo
5176,172.53,No Logo
5177,172.57,No Logo
5178,172.6,No Logo
5179,172.63,No Logo
5180,172.67,No Logo
5181,172.7,No Logo
5182,172.73,No Logo
5183,172.77,No Logo
5184,172.8,No Logo
5185,172.83,No Logo
5186,172.87,No Logo
5187,172.9,No Logo
5188,172.93,No Logo
5189,172.97,No Logo
5190,173.0,No Logo
5191,173.03,No Logo
5192,173.07,No Logo
5193,173.1,No Logo
5194,173.13,No Logo
5195,173.17,No Logo
5196,173.2,No Logo
5197,173.23,No Logo
5198,173.27,No Logo
5199,173.3,No Logo
5200,173.33,No Logo
5201,173.37,No Logo
5202,173.4,No Logo
5203,173.43,No Logo
5204,173.47,No Logo
5205,173.5,No Logo
5206,173.53,No Logo
5207,173.57,No Logo
5208,173.6,No Logo
5209,173.63,No Logo
5210,173.67,No Logo
5211,173.7,No Logo
5212,173.73,No Logo
5213,173.77,No Logo
5214,173.8,No Logo
5215,173.83,No Logo
5216,173.87,No Logo
5217,173.9,No Logo
5218,173.93,No Logo
5219,173.97,No Logo
5220,174.0,No Logo
5221,174.03,No Logo
5222,174.07,No Logo
5223,174.1,No Logo
5224,174.13,No Logo
5225,174.17,No Logo
5226,174.2,No Logo
5227,174.23,No Logo
5228,174.27,No Logo
5229,174.3,No Logo
5230,174.33,No Logo
5231,174.37,No Logo
5232,174.4,No Logo
5233,174.43,No Logo
5234,174.47,No Logo
5235,174.5,No Logo
5236,174.53,No Logo
5237,174.57,No Logo
5238,174.6,Fully Visible
5239,174.63,Fully Visible
5240,174.67,Fully Visible
5241,174.7,Fully Visible
5242,174.73,No Logo
5243,174.77,Fully Visible
5244,174.8,No Logo
5245,174.83,No Logo
5246,174.87,Fully Visible
5247,174.9,No Logo
5248,174.93,No Logo
5249,174.97,No Logo
5250,175.0,Fully Visible
5251,175.03,Fully Visible
5252,175.07,No Logo
5253,175.1,No Logo
5254,175.13,No Logo
5255,175.17,No Logo
5256,175.2,No Logo
5257,175.23,No Logo
5258,175.27,No Logo
5259,175.3,No Logo
5260,175.33,No Logo
5261,175.37,No Logo
5262,175.4,No Logo
5263,175.43,No Logo
5264,175.47,No Logo
5265,175.5,No Logo
5266,175.53,No Logo
5267,175.57,No Logo
5268,175.6,No Logo
5269,175.63,No Logo
5270,175.67,No Logo
5271,175.7,No Logo
5272,175.73,No Logo
5273,175.77,No Logo
5274,175.8,No Logo
5275,175.83,No Logo
5276,175.87,No Logo
5277,175.9,No Logo
5278,175.93,No Logo
5279,175.97,No Logo
5280,176.0,No Logo
5281,176.03,No Logo
5282,176.07,No Logo
5283,176.1,No Logo
5284,176.13,No Logo
5285,176.17,No Logo
5286,176.2,No Logo
5287,176.23,No Logo
5288,176.27,No Logo
5289,176.3,No Logo
5290,176.33,No Logo
5291,176.37,No Logo
5292,176.4,No Logo
5293,176.43,No Logo
5294,176.47,No Logo
5295,176.5,No Logo
5296,176.53,No Logo
5297,176.57,No Logo
5298,176.6,No Logo
5299,176.63,No Logo
5300,176.67,No Logo
5301,176.7,No Logo
5302,176.73,No Logo
5303,176.77,No Logo
5304,176.8,No Logo
5305,176.83,No Logo
5306,176.87,No Logo
5307,176.9,No Logo
5308,176.93,No Logo
5309,176.97,No Logo
5310,177.0,No Logo
5311,177.03,No Logo
5312,177.07,No Logo
5313,177.1,No Logo
5314,177.13,No Logo
5315,177.17,No Logo
5316,177.2,No Logo
5317,177.23,No Logo
5318,177.27,No Logo
5319,177.3,No Logo
5320,177.33,No Logo
5321,177.37,No Logo
5322,177.4,No Logo
5323,177.43,No Logo
5324,177.47,No Logo
5325,177.5,No Logo
5326,177.53,No Logo
5327,177.57,No Logo
5328,177.6,No Logo
5329,177.63,No Logo
5330,177.67,No Logo
5331,177.7,No Logo
5332,177.73,No Logo
5333,177.77,No Logo
5334,177.8,No Logo
5335,177.83,No Logo
5336,177.87,No Logo
5337,177.9,No Logo
5338,177.93,No Logo
5339,177.97,No Logo
5340,178.0,No Logo
5341,178.03,No Logo
5342,178.07,No Logo
5343,178.1,No Logo
5344,178.13,No Logo
5345,178.17,No Logo
5346,178.2,No Logo
5347,178.23,No Logo
5348,178.27,No Logo
5349,178.3,No Logo
5350,178.33,No Logo
5351,178.37,No Logo
5352,178.4,No Logo
5353,178.43,No Logo
5354,178.47,No Logo
5355,178.5,No Logo
5356,178.53,No Logo
5357,178.57,No Logo
5358,178.6,No Logo
5359,178.63,No Logo
5360,178.67,No Logo
5361,178.7,No Logo
5362,178.73,No Logo
5363,178.77,No Logo
5364,178.8,No Logo
5365,178.83,No Logo
5366,178.87,No Logo
5367,178.9,No Logo
5368,178.93,No Logo
5369,178.97,No Logo
5370,179.0,No Logo
5371,179.03,No Logo
5372,179.07,No Logo
5373,179.1,No Logo
5374,179.13,No Logo
5375,179.17,No Logo
5376,179.2,No Logo
5377,179.23,No Logo
5378,179.27,No Logo
5379,179.3,No Logo
5380,179.33,No Logo
5381,179.37,No Logo
5382,179.4,No Logo
5383,179.43,No Logo
5384,179.47,No Logo
5385,179.5,No Logo
5386,179.53,No Logo
5387,179.57,No Logo
5388,179.6,No Logo
5389,179.63,No Logo
5390,179.67,No Logo
5391,179.7,No Logo
5392,179.73,No Logo
5393,179.77,No Logo
5394,179.8,No Logo
5395,179.83,No Logo
5396,179.87,No Logo
5397,179.9,No Logo
5398,179.93,No Logo
5399,179.97,No Logo
5400,180.0,No Logo
5401,180.03,No Logo
5402,180.07,No Logo
5403,180.1,No Logo
5404,180.13,No Logo
5405,180.17,No Logo
5406,180.2,No Logo
5407,180.23,No Logo
5408,180.27,No Logo
5409,180.3,No Logo
5410,180.33,No Logo
5411,180.37,No Logo
5412,180.4,No Logo
5413,180.43,No Logo
5414,180.47,No Logo
5415,180.5,No Logo
5416,180.53,No Logo
5417,180.57,No Logo
5418,180.6,No Logo
5419,180.63,No Logo
5420,180.67,No Logo
5421,180.7,No Logo
5422,180.73,No Logo
5423,180.77,No Logo
5424,180.8,No Logo
5425,180.83,No Logo
5426,180.87,No Logo
5427,180.9,No Logo
5428,180.93,No Logo
5429,180.97,No Logo
5430,181.0,No Logo
5431,181.03,No Logo
5432,181.07,No Logo
5433,181.1,No Logo
5434,181.13,No Logo
5435,181.17,No Logo
5436,181.2,No Logo
5437,181.23,No Logo
5438,181.27,No Logo
5439,181.3,No Logo
5440,181.33,No Logo
5441,181.37,No Logo
5442,181.4,No Logo
5443,181.43,No Logo
5444,181.47,No Logo
5445,181.5,No Logo
5446,181.53,No Logo
5447,181.57,No Logo
5448,181.6,No Logo
5449,181.63,No Logo
5450,181.67,No Logo
5451,181.7,No Logo
5452,181.73,No Logo
5453,181.77,No Logo
5454,181.8,No Logo
5455,181.83,No Logo
5456,181.87,No Logo
5457,181.9,No Logo
5458,181.93,No Logo
5459,181.97,No Logo
5460,182.0,No Logo
5461,182.03,No Logo
5462,182.07,No Logo
5463,182.1,No Logo
5464,182.13,No Logo
5465,182.17,No Logo
5466,182.2,No Logo
5467,182.23,No Logo
5468,182.27,No Logo
5469,182.3,No Logo
5470,182.33,No Logo
5471,182.37,No Logo
5472,182.4,No Logo
5473,182.43,No Logo
5474,182.47,No Logo
5475,182.5,No Logo
5476,182.53,No Logo
5477,182.57,No Logo
5478,182.6,No Logo
5479,182.63,No Logo
5480,182.67,No Logo
5481,182.7,No Logo
5482,182.73,No Logo
5483,182.77,No Logo
5484,182.8,No Logo
5485,182.83,No Logo
5486,182.87,No Logo
5487,182.9,No Logo
5488,182.93,No Logo
5489,182.97,No Logo
5490,183.0,No Logo
5491,183.03,No Logo
5492,183.07,No Logo
5493,183.1,No Logo
5494,183.13,No Logo
5495,183.17,No Logo
5496,183.2,No Logo
5497,183.23,No Logo
5498,183.27,No Logo
5499,183.3,No Logo
5500,183.33,No Logo
5501,183.37,No Logo
5502,183.4,No Logo
5503,183.43,No Logo
5504,183.47,No Logo
5505,183.5,No Logo
5506,183.53,No Logo
5507,183.57,No Logo
5508,183.6,No Logo
5509,183.63,No Logo
5510,183.67,No Logo
5511,183.7,No Logo
5512,183.73,No Logo
5513,183.77,No Logo
5514,183.8,No Logo
5515,183.83,No Logo
5516,183.87,No Logo
5517,183.9,No Logo
5518,183.93,No Logo
5519,183.97,No Logo
5520,184.0,No Logo
5521,184.03,No Logo
5522,184.07,No Logo
5523,184.1,No Logo
5524,184.13,No Logo
5525,184.17,No Logo
5526,184.2,No Logo
5527,184.23,No Logo
5528,184.27,No Logo
5529,184.3,No Logo
5530,184.33,No Logo
5531,184.37,No Logo
5532,184.4,No Logo
5533,184.43,No Logo
5534,184.47,No Logo
5535,184.5,No Logo
5536,184.53,No Logo
5537,184.57,No Logo
5538,184.6,No Logo
5539,184.63,No Logo
5540,184.67,No Logo
5541,184.7,No Logo
5542,184.73,No Logo
5543,184.77,No Logo
5544,184.8,No Logo
5545,184.83,No Logo
5546,184.87,No Logo
5547,184.9,No Logo
5548,184.93,No Logo
5549,184.97,No Logo
5550,185.0,No Logo
5551,185.03,No Logo
5552,185.07,No Logo
5553,185.1,No Logo
5554,185.13,No Logo
5555,185.17,No Logo
5556,185.2,No Logo
5557,185.23,No Logo
5558,185.27,No Logo
5559,185.3,No Logo
5560,185.33,No Logo
5561,185.37,No Logo
5562,185.4,No Logo
5563,185.43,No Logo
5564,185.47,No Logo
5565,185.5,No Logo
5566,185.53,No Logo
5567,185.57,No Logo
5568,185.6,No Logo
5569,185.63,No Logo
5570,185.67,No Logo
5571,185.7,No Logo
5572,185.73,No Logo
5573,185.77,No Logo
5574,185.8,No Logo
5575,185.83,No Logo
5576,185.87,No Logo
5577,185.9,No Logo
5578,185.93,No Logo
5579,185.97,No Logo
5580,186.0,No Logo
5581,186.03,No Logo
5582,186.07,No Logo
5583,186.1,No Logo
5584,186.13,No Logo
5585,186.17,No Logo
5586,186.2,No Logo
5587,186.23,No Logo
5588,186.27,No Logo
5589,186.3,No Logo
5590,186.33,No Logo
5591,186.37,No Logo
5592,186.4,No Logo
5593,186.43,No Logo
5594,186.47,No Logo
5595,186.5,No Logo
5596,186.53,No Logo
5597,186.57,No Logo
5598,186.6,No Logo
5599,186.63,No Logo
5600,186.67,No Logo
5601,186.7,No Logo
5602,186.73,No Logo
5603,186.77,No Logo
5604,186.8,No Logo
5605,186.83,No Logo
5606,186.87,No Logo
5607,186.9,No Logo
5608,186.93,No Logo
5609,186.97,No Logo
5610,187.0,No Logo
5611,187.03,No Logo
5612,187.07,No Logo
5613,187.1,No Logo
5614,187.13,No Logo
5615,187.17,No Logo
5616,187.2,No Logo
5617,187.23,No Logo
5618,187.27,No Logo
5619,187.3,No Logo
5620,187.33,No Logo
5621,187.37,No Logo
5622,187.4,No Logo
5623,187.43,No Logo
5624,187.47,No Logo
5625,187.5,No Logo
5626,187.53,No Logo
5627,187.57,No Logo
5628,187.6,No Logo
5629,187.63,No Logo
5630,187.67,No Logo
5631,187.7,No Logo
5632,187.73,No Logo
5633,187.77,No Logo
5634,187.8,No Logo
5635,187.83,No Logo
5636,187.87,No Logo
5637,187.9,No Logo
5638,187.93,No Logo
5639,187.97,No Logo
5640,188.0,No Logo
5641,188.03,No Logo
5642,188.07,No Logo
5643,188.1,No Logo
5644,188.13,No Logo
5645,188.17,No Logo
5646,188.2,No Logo
5647,188.23,No Logo
5648,188.27,No Logo
5649,188.3,No Logo
5650,188.33,No Logo
5651,188.37,No Logo
5652,188.4,No Logo
5653,188.43,No Logo
5654,188.47,No Logo
5655,188.5,No Logo
5656,188.53,No Logo
5657,188.57,No Logo
5658,188.6,No Logo
5659,188.63,No Logo
5660,188.67,No Logo
5661,188.7,No Logo
5662,188.73,No Logo
5663,188.77,No Logo
5664,188.8,No Logo
5665,188.83,No Logo
5666,188.87,No Logo
5667,188.9,No Logo
5668,188.93,No Logo
5669,188.97,No Logo
5670,189.0,No Logo
5671,189.03,No Logo
5672,189.07,No Logo
5673,189.1,No Logo
5674,189.13,No Logo
5675,189.17,No Logo
5676,189.2,No Logo
5677,189.23,No Logo
5678,189.27,No Logo
5679,189.3,No Logo
5680,189.33,No Logo
5681,189.37,No Logo
5682,189.4,No Logo
5683,189.43,No Logo
5684,189.47,No Logo
5685,189.5,No Logo
5686,189.53,No Logo
5687,189.57,No Logo
5688,189.6,No Logo
5689,189.63,No Logo
5690,189.67,No Logo
5691,189.7,No Logo
5692,189.73,No Logo
5693,189.77,No Logo
5694,189.8,No Logo
5695,189.83,No Logo
5696,189.87,No Logo
5697,189.9,No Logo
5698,189.93,No Logo
5699,189.97,No Logo
5700,190.0,No Logo
5701,190.03,No Logo
5702,190.07,No Logo
5703,190.1,No Logo
5704,190.13,No Logo
5705,190.17,No Logo
5706,190.2,No Logo
5707,190.23,No Logo
5708,190.27,No Logo
5709,190.3,No Logo
5710,190.33,No Logo
5711,190.37,No Logo
5712,190.4,No Logo
5713,190.43,No Logo
5714,190.47,No Logo
5715,190.5,No Logo
5716,190.53,No Logo
5717,190.57,No Logo
5718,190.6,No Logo
5719,190.63,No Logo
5720,190.67,No Logo
5721,190.7,No Logo
5722,190.73,No Logo
5723,190.77,No Logo
5724,190.8,No Logo
5725,190.83,No Logo
5726,190.87,No Logo
5727,190.9,No Logo
5728,190.93,No Logo
5729,190.97,No Logo
5730,191.0,No Logo
5731,191.03,No Logo
5732,191.07,No Logo
5733,191.1,No Logo
5734,191.13,No Logo
5735,191.17,No Logo
5736,191.2,No Logo
5737,191.23,No Logo
5738,191.27,No Logo
5739,191.3,No Logo
5740,191.33,No Logo
5741,191.37,No Logo
5742,191.4,No Logo
5743,191.43,No Logo
5744,191.47,No Logo
5745,191.5,No Logo
5746,191.53,No Logo
5747,191.57,No Logo
5748,191.6,No Logo
5749,191.63,No Logo
5750,191.67,No Logo
5751,191.7,No Logo
5752,191.73,No Logo
5753,191.77,No Logo
5754,191.8,No Logo
5755,191.83,No Logo
5756,191.87,No Logo
5757,191.9,No Logo
5758,191.93,No Logo
5759,191.97,No Logo
5760,192.0,No Logo
5761,192.03,No Logo
5762,192.07,No Logo
5763,192.1,No Logo
5764,192.13,No Logo
5765,192.17,No Logo
5766,192.2,No Logo
5767,192.23,No Logo
5768,192.27,No Logo
5769,192.3,No Logo
5770,192.33,No Logo
5771,192.37,No Logo
5772,192.4,No Logo
5773,192.43,No Logo
5774,192.47,No Logo
5775,192.5,No Logo
5776,192.53,No Logo
5777,192.57,No Logo
5778,192.6,No Logo
5779,192.63,No Logo
5780,192.67,No Logo
5781,192.7,No Logo
5782,192.73,No Logo
5783,192.77,No Logo
5784,192.8,No Logo
5785,192.83,No Logo
5786,192.87,No Logo
5787,192.9,No Logo
5788,192.93,No Logo
5789,192.97,No Logo
5790,193.0,No Logo
5791,193.03,No Logo
5792,193.07,No Logo
5793,193.1,No Logo
5794,193.13,No Logo
5795,193.17,No Logo
5796,193.2,No Logo
5797,193.23,No Logo
5798,193.27,No Logo
5799,193.3,No Logo
5800,193.33,No Logo
5801,193.37,No Logo
5802,193.4,No Logo
5803,193.43,No Logo
5804,193.47,No Logo
5805,193.5,No Logo
5806,193.53,No Logo
5807,193.57,No Logo
5808,193.6,No Logo
5809,193.63,No Logo
5810,193.67,No Logo
5811,193.7,No Logo
5812,193.73,No Logo
5813,193.77,No Logo
5814,193.8,No Logo
5815,193.83,No Logo
5816,193.87,No Logo
5817,193.9,No Logo
5818,193.93,No Logo
5819,193.97,No Logo
5820,194.0,No Logo
5821,194.03,No Logo
5822,194.07,No Logo
5823,194.1,No Logo
5824,194.13,No Logo
5825,194.17,No Logo
5826,194.2,No Logo
5827,194.23,No Logo
5828,194.27,No Logo
5829,194.3,No Logo
5830,194.33,No Logo
5831,194.37,No Logo
5832,194.4,No Logo
5833,194.43,No Logo
5834,194.47,No Logo
5835,194.5,No Logo
5836,194.53,No Logo
5837,194.57,No Logo
5838,194.6,No Logo
5839,194.63,No Logo
5840,194.67,No Logo
5841,194.7,No Logo
5842,194.73,No Logo
5843,194.77,No Logo
5844,194.8,No Logo
5845,194.83,No Logo
5846,194.87,No Logo
5847,194.9,No Logo
5848,194.93,No Logo
5849,194.97,No Logo
5850,195.0,No Logo
5851,195.03,No Logo
5852,195.07,No Logo
5853,195.1,No Logo
5854,195.13,No Logo
5855,195.17,No Logo
5856,195.2,No Logo
5857,195.23,No Logo
5858,195.27,No Logo
5859,195.3,No Logo
5860,195.33,No Logo
5861,195.37,No Logo
5862,195.4,No Logo
5863,195.43,No Logo
5864,195.47,No Logo
5865,195.5,No Logo
5866,195.53,No Logo
5867,195.57,No Logo
5868,195.6,No Logo
5869,195.63,No Logo
5870,195.67,No Logo
5871,195.7,No Logo
5872,195.73,No Logo
5873,195.77,No Logo
5874,195.8,No Logo
5875,195.83,No Logo
5876,195.87,No Logo
5877,195.9,No Logo
5878,195.93,No Logo
5879,195.97,No Logo
5880,196.0,No Logo
5881,196.03,No Logo
5882,196.07,No Logo
5883,196.1,No Logo
5884,196.13,No Logo
5885,196.17,No Logo
5886,196.2,No Logo
5887,196.23,No Logo
5888,196.27,No Logo
5889,196.3,No Logo
5890,196.33,No Logo
5891,196.37,No Logo
5892,196.4,No Logo
5893,196.43,No Logo
5894,196.47,No Logo
5895,196.5,No Logo
5896,196.53,No Logo
5897,196.57,No Logo
5898,196.6,No Logo
5899,196.63,No Logo
5900,196.67,No Logo
5901,196.7,No Logo
5902,196.73,No Logo
5903,196.77,No Logo
5904,196.8,No Logo
5905,196.83,No Logo
5906,196.87,Fully Visible
5907,196.9,No Logo
5908,196.93,Fully Visible
5909,196.97,Fully Visible
5910,197.0,No Logo
5911,197.03,No Logo
5912,197.07,Fully Visible
5913,197.1,Fully Visible
5914,197.13,No Logo
5915,197.17,No Logo
5916,197.2,No Logo
5917,197.23,No Logo
5918,197.27,No Logo
5919,197.3,No Logo
5920,197.33,No Logo
5921,197.37,No Logo
5922,197.4,No Logo
5923,197.43,No Logo
5924,197.47,No Logo
5925,197.5,No Logo
5926,197.53,No Logo
5927,197.57,No Logo
5928,197.6,No Logo
5929,197.63,No Logo
5930,197.67,No Logo
5931,197.7,No Logo
5932,197.73,No Logo
5933,197.77,No Logo
5934,197.8,No Logo
5935,197.83,No Logo
5936,197.87,No Logo
5937,197.9,No Logo
5938,197.93,No Logo
5939,197.97,No Logo
5940,198.0,No Logo
5941,198.03,No Logo
5942,198.07,No Logo
5943,198.1,No Logo
5944,198.13,No Logo
5945,198.17,No Logo
5946,198.2,No Logo
5947,198.23,No Logo
5948,198.27,No Logo
5949,198.3,No Logo
5950,198.33,Fully Visible
5951,198.37,No Logo
5952,198.4,No Logo
5953,198.43,No Logo
5954,198.47,No Logo
5955,198.5,No Logo
5956,198.53,No Logo
5957,198.57,No Logo
5958,198.6,No Logo
5959,198.63,No Logo
5960,198.67,No Logo
5961,198.7,No Logo
5962,198.73,No Logo
5963,198.77,No Logo
5964,198.8,No Logo
5965,198.83,No Logo
5966,198.87,No Logo
5967,198.9,No Logo
5968,198.93,No Logo
5969,198.97,No Logo
5970,199.0,No Logo
5971,199.03,No Logo
5972,199.07,No Logo
5973,199.1,No Logo
5974,199.13,No Logo
5975,199.17,No Logo
5976,199.2,No Logo
5977,199.23,No Logo
5978,199.27,No Logo
5979,199.3,No Logo
5980,199.33,No Logo
5981,199.37,No Logo
5982,199.4,No Logo
5983,199.43,No Logo
5984,199.47,No Logo
5985,199.5,Fully Visible
5986,199.53,No Logo
5987,199.57,No Logo
5988,199.6,No Logo
5989,199.63,No Logo
5990,199.67,No Logo
5991,199.7,No Logo
5992,199.73,No Logo
5993,199.77,No Logo
5994,199.8,No Logo
5995,199.83,No Logo
5996,199.87,No Logo
5997,199.9,No Logo
5998,199.93,No Logo
5999,199.97,No Logo
6000,200.0,No Logo
6001,200.03,No Logo
6002,200.07,No Logo
6003,200.1,No Logo
6004,200.13,No Logo
6005,200.17,No Logo
6006,200.2,No Logo
6007,200.23,No Logo
6008,200.27,No Logo
6009,200.3,No Logo
6010,200.33,No Logo
6011,200.37,No Logo
6012,200.4,No Logo
6013,200.43,No Logo
6014,200.47,No Logo
6015,200.5,No Logo
6016,200.53,No Logo
6017,200.57,No Logo
6018,200.6,No Logo
6019,200.63,No Logo
6020,200.67,No Logo
6021,200.7,No Logo
6022,200.73,No Logo
6023,200.77,No Logo
6024,200.8,No Logo
6025,200.83,No Logo
6026,200.87,No Logo
6027,200.9,No Logo
6028,200.93,No Logo
6029,200.97,No Logo
6030,201.0,No Logo
6031,201.03,No Logo
6032,201.07,No Logo
6033,201.1,No Logo
6034,201.13,No Logo
6035,201.17,No Logo
6036,201.2,No Logo
6037,201.23,No Logo
6038,201.27,No Logo
6039,201.3,No Logo
6040,201.33,No Logo
6041,201.37,No Logo
6042,201.4,No Logo
6043,201.43,No Logo
6044,201.47,No Logo
6045,201.5,No Logo
6046,201.53,No Logo
6047,201.57,No Logo
6048,201.6,No Logo
6049,201.63,No Logo
6050,201.67,No Logo
6051,201.7,No Logo
6052,201.73,No Logo
6053,201.77,No Logo
6054,201.8,No Logo
6055,201.83,No Logo
6056,201.87,No Logo
6057,201.9,No Logo
6058,201.93,No Logo
6059,201.97,No Logo
6060,202.0,No Logo
6061,202.03,No Logo
6062,202.07,No Logo
6063,202.1,No Logo
6064,202.13,No Logo
6065,202.17,No Logo
6066,202.2,No Logo
6067,202.23,No Logo
6068,202.27,No Logo
6069,202.3,No Logo
6070,202.33,No Logo
6071,202.37,No Logo
6072,202.4,No Logo
6073,202.43,No Logo
6074,202.47,No Logo
6075,202.5,No Logo
6076,202.53,No Logo
6077,202.57,No Logo
6078,202.6,No Logo
6079,202.63,No Logo
6080,202.67,No Logo
6081,202.7,No Logo
6082,202.73,No Logo
6083,202.77,Fully Visible
6084,202.8,No Logo
6085,202.83,No Logo
6086,202.87,Fully Visible
6087,202.9,Fully Visible
6088,202.93,Fully Visible
6089,202.97,No Logo
6090,203.0,No Logo
6091,203.03,No Logo
6092,203.07,Fully Visible
6093,203.1,Fully Visible
6094,203.13,Fully Visible
6095,203.17,Fully Visible
6096,203.2,No Logo
6097,203.23,No Logo
6098,203.27,No Logo
6099,203.3,No Logo
6100,203.33,No Logo
6101,203.37,No Logo
6102,203.4,No Logo
6103,203.43,No Logo
6104,203.47,No Logo
6105,203.5,No Logo
6106,203.53,No Logo
6107,203.57,No Logo
6108,203.6,No Logo
6109,203.63,No Logo
6110,203.67,No Logo
6111,203.7,No Logo
6112,203.73,No Logo
6113,203.77,No Logo
6114,203.8,No Logo
6115,203.83,No Logo
6116,203.87,No Logo
6117,203.9,No Logo
6118,203.93,No Logo
6119,203.97,No Logo
6120,204.0,No Logo
6121,204.03,No Logo
6122,204.07,No Logo
6123,204.1,No Logo
6124,204.13,No Logo
6125,204.17,No Logo
6126,204.2,No Logo
6127,204.23,No Logo
6128,204.27,No Logo
6129,204.3,No Logo
6130,204.33,No Logo
6131,204.37,No Logo
6132,204.4,No Logo
6133,204.43,No Logo
6134,204.47,No Logo
6135,204.5,No Logo
6136,204.53,No Logo
6137,204.57,No Logo
6138,204.6,No Logo
6139,204.63,No Logo
6140,204.67,No Logo
6141,204.7,No Logo
6142,204.73,No Logo
6143,204.77,No Logo
6144,204.8,No Logo
6145,204.83,No Logo
6146,204.87,No Logo
6147,204.9,No Logo
6148,204.93,No Logo
6149,204.97,No Logo
6150,205.0,No Logo
6151,205.03,No Logo
6152,205.07,No Logo
6153,205.1,No Logo
6154,205.13,No Logo
6155,205.17,No Logo
6156,205.2,No Logo
6157,205.23,No Logo
6158,205.27,No Logo
6159,205.3,No Logo
6160,205.33,No Logo
6161,205.37,No Logo
6162,205.4,No Logo
6163,205.43,No Logo
6164,205.47,No Logo
6165,205.5,No Logo
6166,205.53,No Logo
6167,205.57,No Logo
6168,205.6,No Logo
6169,205.63,No Logo
6170,205.67,No Logo
6171,205.7,No Logo
6172,205.73,No Logo
6173,205.77,No Logo
6174,205.8,No Logo
6175,205.83,No Logo
6176,205.87,No Logo
6177,205.9,No Logo
6178,205.93,No Logo
6179,205.97,No Logo
6180,206.0,No Logo
6181,206.03,No Logo
6182,206.07,No Logo
6183,206.1,No Logo
6184,206.13,No Logo
6185,206.17,No Logo
6186,206.2,No Logo
6187,206.23,No Logo
6188,206.27,No Logo
6189,206.3,No Logo
6190,206.33,No Logo
6191,206.37,No Logo
6192,206.4,No Logo
6193,206.43,No Logo
6194,206.47,No Logo
6195,206.5,No Logo
6196,206.53,No Logo
6197,206.57,No Logo
6198,206.6,No Logo
6199,206.63,No Logo
6200,206.67,No Logo
6201,206.7,No Logo
6202,206.73,No Logo
6203,206.77,No Logo
6204,206.8,No Logo
6205,206.83,No Logo
6206,206.87,No Logo
6207,206.9,No Logo
6208,206.93,No Logo
6209,206.97,No Logo
6210,207.0,No Logo
6211,207.03,No Logo
6212,207.07,No Logo
6213,207.1,No Logo
6214,207.13,No Logo
6215,207.17,No Logo
6216,207.2,No Logo
6217,207.23,No Logo
6218,207.27,No Logo
6219,207.3,No Logo
6220,207.33,No Logo
6221,207.37,No Logo
6222,207.4,No Logo
6223,207.43,No Logo
6224,207.47,No Logo
6225,207.5,No Logo
6226,207.53,No Logo
6227,207.57,No Logo
6228,207.6,No Logo
6229,207.63,No Logo
6230,207.67,No Logo
6231,207.7,No Logo
6232,207.73,No Logo
6233,207.77,No Logo
6234,207.8,No Logo
6235,207.83,No Logo
6236,207.87,No Logo
6237,207.9,No Logo
6238,207.93,No Logo
6239,207.97,No Logo
6240,208.0,No Logo
6241,208.03,No Logo
6242,208.07,No Logo
6243,208.1,No Logo
6244,208.13,No Logo
6245,208.17,No Logo
6246,208.2,No Logo
6247,208.23,No Logo
6248,208.27,No Logo
6249,208.3,No Logo
6250,208.33,No Logo
6251,208.37,No Logo
6252,208.4,No Logo
6253,208.43,No Logo
6254,208.47,No Logo
6255,208.5,No Logo
6256,208.53,No Logo
6257,208.57,No Logo
6258,208.6,No Logo
6259,208.63,No Logo
6260,208.67,No Logo
6261,208.7,No Logo
6262,208.73,No Logo
6263,208.77,No Logo
6264,208.8,No Logo
6265,208.83,No Logo
6266,208.87,No Logo
6267,208.9,No Logo
6268,208.93,No Logo
6269,208.97,No Logo
6270,209.0,No Logo
6271,209.03,No Logo
6272,209.07,No Logo
6273,209.1,No Logo
6274,209.13,No Logo
6275,209.17,No Logo
6276,209.2,No Logo
6277,209.23,No Logo
6278,209.27,No Logo
6279,209.3,No Logo
6280,209.33,No Logo
6281,209.37,No Logo
6282,209.4,No Logo
6283,209.43,No Logo
6284,209.47,No Logo
6285,209.5,No Logo
6286,209.53,No Logo
6287,209.57,No Logo
6288,209.6,No Logo
6289,209.63,No Logo
6290,209.67,No Logo
6291,209.7,No Logo
6292,209.73,No Logo
6293,209.77,No Logo
6294,209.8,No Logo
6295,209.83,No Logo
6296,209.87,No Logo
6297,209.9,No Logo
6298,209.93,No Logo
6299,209.97,No Logo
6300,210.0,No Logo
6301,210.03,No Logo
6302,210.07,No Logo
6303,210.1,No Logo
6304,210.13,No Logo
6305,210.17,No Logo
6306,210.2,No Logo
6307,210.23,No Logo
6308,210.27,No Logo
6309,210.3,No Logo
6310,210.33,No Logo
6311,210.37,No Logo
6312,210.4,No Logo
6313,210.43,No Logo
6314,210.47,No Logo
6315,210.5,No Logo
6316,210.53,No Logo
6317,210.57,No Logo
6318,210.6,No Logo
6319,210.63,No Logo
6320,210.67,No Logo
6321,210.7,No Logo
6322,210.73,No Logo
6323,210.77,No Logo
6324,210.8,No Logo
6325,210.83,No Logo
6326,210.87,No Logo
6327,210.9,No Logo
6328,210.93,No Logo
6329,210.97,No Logo
6330,211.0,No Logo
6331,211.03,No Logo
6332,211.07,No Logo
6333,211.1,No Logo
6334,211.13,No Logo
6335,211.17,No Logo
6336,211.2,No Logo
6337,211.23,No Logo
6338,211.27,No Logo
6339,211.3,No Logo
6340,211.33,No Logo
6341,211.37,No Logo
6342,211.4,No Logo
6343,211.43,No Logo
6344,211.47,No Logo
6345,211.5,No Logo
6346,211.53,No Logo
6347,211.57,No Logo
6348,211.6,No Logo
6349,211.63,No Logo
6350,211.67,No Logo
6351,211.7,No Logo
6352,211.73,No Logo
6353,211.77,No Logo
6354,211.8,No Logo
6355,211.83,No Logo
6356,211.87,No Logo
6357,211.9,No Logo
6358,211.93,No Logo
6359,211.97,No Logo
6360,212.0,No Logo
6361,212.03,No Logo
6362,212.07,No Logo
6363,212.1,No Logo
6364,212.13,No Logo
6365,212.17,No Logo
6366,212.2,No Logo
6367,212.23,No Logo
6368,212.27,No Logo
6369,212.3,No Logo
6370,212.33,No Logo
6371,212.37,No Logo
6372,212.4,No Logo
6373,212.43,No Logo
6374,212.47,No Logo
6375,212.5,No Logo
6376,212.53,No Logo
6377,212.57,No Logo
6378,212.6,No Logo
6379,212.63,No Logo
6380,212.67,No Logo
6381,212.7,No Logo
6382,212.73,No Logo
6383,212.77,No Logo
6384,212.8,No Logo
6385,212.83,No Logo
6386,212.87,No Logo
6387,212.9,No Logo
6388,212.93,No Logo
6389,212.97,No Logo
6390,213.0,No Logo
6391,213.03,No Logo
6392,213.07,No Logo
6393,213.1,No Logo
6394,213.13,No Logo
6395,213.17,No Logo
6396,213.2,No Logo
6397,213.23,No Logo
6398,213.27,No Logo
6399,213.3,No Logo
6400,213.33,No Logo
6401,213.37,No Logo
6402,213.4,No Logo
6403,213.43,No Logo
6404,213.47,No Logo
6405,213.5,No Logo
6406,213.53,No Logo
6407,213.57,No Logo
6408,213.6,No Logo
6409,213.63,No Logo
6410,213.67,No Logo
6411,213.7,No Logo
6412,213.73,No Logo
6413,213.77,No Logo
6414,213.8,No Logo
6415,213.83,No Logo
6416,213.87,No Logo
6417,213.9,No Logo
6418,213.93,No Logo
6419,213.97,No Logo
6420,214.0,No Logo
6421,214.03,No Logo
6422,214.07,No Logo
6423,214.1,No Logo
6424,214.13,No Logo
6425,214.17,No Logo
6426,214.2,No Logo
6427,214.23,No Logo
6428,214.27,No Logo
6429,214.3,No Logo
6430,214.33,No Logo
6431,214.37,No Logo
6432,214.4,No Logo
6433,214.43,No Logo
6434,214.47,No Logo
6435,214.5,No Logo
6436,214.53,No Logo
6437,214.57,No Logo
6438,214.6,No Logo
6439,214.63,No Logo
6440,214.67,No Logo
6441,214.7,No Logo
6442,214.73,No Logo
6443,214.77,No Logo
6444,214.8,No Logo
6445,214.83,No Logo
6446,214.87,No Logo
6447,214.9,No Logo
6448,214.93,No Logo
6449,214.97,No Logo
6450,215.0,No Logo
6451,215.03,No Logo
6452,215.07,No Logo
6453,215.1,No Logo
6454,215.13,No Logo
6455,215.17,No Logo
6456,215.2,No Logo
6457,215.23,No Logo
6458,215.27,No Logo
6459,215.3,No Logo
6460,215.33,No Logo
6461,215.37,No Logo
6462,215.4,No Logo
6463,215.43,No Logo
6464,215.47,No Logo
6465,215.5,No Logo
6466,215.53,No Logo
6467,215.57,No Logo
6468,215.6,No Logo
6469,215.63,No Logo
6470,215.67,No Logo
6471,215.7,No Logo
6472,215.73,No Logo
6473,215.77,No Logo
6474,215.8,No Logo
6475,215.83,No Logo
6476,215.87,No Logo
6477,215.9,No Logo
6478,215.93,No Logo
6479,215.97,No Logo
6480,216.0,No Logo
6481,216.03,No Logo
6482,216.07,No Logo
6483,216.1,No Logo
6484,216.13,No Logo
6485,216.17,No Logo
6486,216.2,No Logo
6487,216.23,No Logo
6488,216.27,No Logo
6489,216.3,No Logo
6490,216.33,No Logo
6491,216.37,No Logo
6492,216.4,No Logo
6493,216.43,No Logo
6494,216.47,No Logo
6495,216.5,No Logo
6496,216.53,No Logo
6497,216.57,No Logo
6498,216.6,No Logo
6499,216.63,No Logo
6500,216.67,No Logo
6501,216.7,No Logo
6502,216.73,No Logo
6503,216.77,No Logo
6504,216.8,No Logo
6505,216.83,No Logo
6506,216.87,No Logo
6507,216.9,No Logo
6508,216.93,No Logo
6509,216.97,No Logo
6510,217.0,No Logo
6511,217.03,No Logo
6512,217.07,No Logo
6513,217.1,No Logo
6514,217.13,No Logo
6515,217.17,No Logo
6516,217.2,No Logo
6517,217.23,No Logo
6518,217.27,No Logo
6519,217.3,No Logo
6520,217.33,No Logo
6521,217.37,No Logo
6522,217.4,No Logo
6523,217.43,No Logo
6524,217.47,No Logo
6525,217.5,No Logo
6526,217.53,No Logo
6527,217.57,No Logo
6528,217.6,No Logo
6529,217.63,No Logo
6530,217.67,No Logo
6531,217.7,No Logo
6532,217.73,No Logo
6533,217.77,No Logo
6534,217.8,No Logo
6535,217.83,No Logo
6536,217.87,No Logo
6537,217.9,No Logo
6538,217.93,No Logo
6539,217.97,No Logo
6540,218.0,No Logo
6541,218.03,No Logo
6542,218.07,No Logo
6543,218.1,No Logo
6544,218.13,No Logo
6545,218.17,No Logo
6546,218.2,No Logo
6547,218.23,No Logo
6548,218.27,No Logo
6549,218.3,No Logo
6550,218.33,No Logo
6551,218.37,No Logo
6552,218.4,No Logo
6553,218.43,No Logo
6554,218.47,No Logo
6555,218.5,No Logo
6556,218.53,No Logo
6557,218.57,No Logo
6558,218.6,No Logo
6559,218.63,No Logo
6560,218.67,No Logo
6561,218.7,No Logo
6562,218.73,No Logo
6563,218.77,No Logo
6564,218.8,No Logo
6565,218.83,No Logo
6566,218.87,No Logo
6567,218.9,No Logo
6568,218.93,No Logo
6569,218.97,No Logo
6570,219.0,No Logo
6571,219.03,No Logo
6572,219.07,No Logo
6573,219.1,No Logo
6574,219.13,No Logo
6575,219.17,No Logo
6576,219.2,No Logo
6577,219.23,No Logo
6578,219.27,No Logo
6579,219.3,No Logo
6580,219.33,No Logo
6581,219.37,No Logo
6582,219.4,No Logo
6583,219.43,No Logo
6584,219.47,No Logo
6585,219.5,No Logo
6586,219.53,No Logo
6587,219.57,No Logo
6588,219.6,No Logo
6589,219.63,No Logo
6590,219.67,No Logo
6591,219.7,No Logo
6592,219.73,No Logo
6593,219.77,No Logo
6594,219.8,No Logo
6595,219.83,No Logo
6596,219.87,No Logo
6597,219.9,No Logo
6598,219.93,No Logo
6599,219.97,No Logo
6600,220.0,No Logo
6601,220.03,No Logo
6602,220.07,No Logo
6603,220.1,No Logo
6604,220.13,No Logo
6605,220.17,No Logo
6606,220.2,No Logo
6607,220.23,No Logo
6608,220.27,No Logo
6609,220.3,No Logo
6610,220.33,No Logo
6611,220.37,No Logo
6612,220.4,No Logo
6613,220.43,No Logo
6614,220.47,No Logo
6615,220.5,No Logo
6616,220.53,No Logo
6617,220.57,No Logo
6618,220.6,No Logo
6619,220.63,No Logo
6620,220.67,No Logo
6621,220.7,No Logo
6622,220.73,No Logo
6623,220.77,No Logo
6624,220.8,No Logo
6625,220.83,No Logo
6626,220.87,No Logo
6627,220.9,No Logo
6628,220.93,No Logo
6629,220.97,No Logo
6630,221.0,No Logo
6631,221.03,No Logo
6632,221.07,No Logo
6633,221.1,No Logo
6634,221.13,No Logo
6635,221.17,No Logo
6636,221.2,No Logo
6637,221.23,No Logo
6638,221.27,No Logo
6639,221.3,No Logo
6640,221.33,No Logo
6641,221.37,No Logo
6642,221.4,No Logo
6643,221.43,No Logo
6644,221.47,No Logo
6645,221.5,No Logo
6646,221.53,No Logo
6647,221.57,No Logo
6648,221.6,No Logo
6649,221.63,No Logo
6650,221.67,Fully Visible
6651,221.7,Fully Visible
6652,221.73,No Logo
6653,221.77,No Logo
6654,221.8,No Logo
6655,221.83,No Logo
6656,221.87,No Logo
6657,221.9,No Logo
6658,221.93,No Logo
6659,221.97,No Logo
6660,222.0,No Logo
6661,222.03,No Logo
6662,222.07,No Logo
6663,222.1,No Logo
6664,222.13,No Logo
6665,222.17,No Logo
6666,222.2,No Logo
6667,222.23,No Logo
6668,222.27,No Logo
6669,222.3,No Logo
6670,222.33,No Logo
6671,222.37,No Logo
6672,222.4,No Logo
6673,222.43,No Logo
6674,222.47,No Logo
6675,222.5,No Logo
6676,222.53,No Logo
6677,222.57,No Logo
6678,222.6,No Logo
6679,222.63,No Logo
6680,222.67,No Logo
6681,222.7,No Logo
6682,222.73,No Logo
6683,222.77,No Logo
6684,222.8,No Logo
6685,222.83,No Logo
6686,222.87,No Logo
6687,222.9,No Logo
6688,222.93,No Logo
6689,222.97,No Logo
6690,223.0,No Logo
6691,223.03,No Logo
6692,223.07,No Logo
6693,223.1,No Logo
6694,223.13,No Logo
6695,223.17,No Logo
6696,223.2,No Logo
6697,223.23,No Logo
6698,223.27,No Logo
6699,223.3,No Logo
6700,223.33,No Logo
6701,223.37,No Logo
6702,223.4,No Logo
6703,223.43,No Logo
6704,223.47,No Logo
6705,223.5,No Logo
6706,223.53,No Logo
6707,223.57,No Logo
6708,223.6,No Logo
6709,223.63,No Logo
6710,223.67,No Logo
6711,223.7,No Logo
6712,223.73,No Logo
6713,223.77,No Logo
6714,223.8,No Logo
6715,223.83,No Logo
6716,223.87,No Logo
6717,223.9,No Logo
6718,223.93,No Logo
6719,223.97,No Logo
6720,224.0,No Logo
6721,224.03,No Logo
6722,224.07,No Logo
6723,224.1,No Logo
6724,224.13,No Logo
6725,224.17,No Logo
6726,224.2,No Logo
6727,224.23,No Logo
6728,224.27,No Logo
6729,224.3,No Logo
6730,224.33,No Logo
6731,224.37,No Logo
6732,224.4,No Logo
6733,224.43,No Logo
6734,224.47,No Logo
6735,224.5,No Logo
6736,224.53,No Logo
6737,224.57,No Logo
6738,224.6,No Logo
6739,224.63,No Logo
6740,224.67,No Logo
6741,224.7,No Logo
6742,224.73,No Logo
6743,224.77,No Logo
6744,224.8,No Logo
6745,224.83,No Logo
6746,224.87,No Logo
6747,224.9,No Logo
6748,224.93,No Logo
6749,224.97,No Logo
6750,225.0,No Logo
6751,225.03,No Logo
6752,225.07,No Logo
6753,225.1,No Logo
6754,225.13,No Logo
6755,225.17,No Logo
6756,225.2,No Logo
6757,225.23,No Logo
6758,225.27,No Logo
6759,225.3,No Logo
6760,225.33,No Logo
6761,225.37,No Logo
6762,225.4,No Logo
6763,225.43,No Logo
6764,225.47,No Logo
6765,225.5,No Logo
6766,225.53,No Logo
6767,225.57,No Logo
6768,225.6,Fully Visible
6769,225.63,Fully Visible
6770,225.67,Fully Visible
6771,225.7,Fully Visible
6772,225.73,Fully Visible
6773,225.77,Fully Visible
6774,225.8,Fully Visible
6775,225.83,Fully Visible
6776,225.87,Fully Visible
6777,225.9,Fully Visible
6778,225.93,Fully Visible
6779,225.97,Fully Visible
6780,226.0,Fully Visible
6781,226.03,Fully Visible
6782,226.07,Fully Visible
6783,226.1,Fully Visible
6784,226.13,Fully Visible
6785,226.17,Fully Visible
6786,226.2,No Logo
6787,226.23,No Logo
6788,226.27,Fully Visible
6789,226.3,Fully Visible
6790,226.33,Fully Visible
6791,226.37,No Logo
6792,226.4,No Logo
6793,226.43,No Logo
6794,226.47,Fully Visible
6795,226.5,Fully Visible
6796,226.53,No Logo
6797,226.57,No Logo
6798,226.6,Fully Visible
6799,226.63,Fully Visible
6800,226.67,Fully Visible
6801,226.7,Fully Visible
6802,226.73,No Logo
6803,226.77,No Logo
6804,226.8,Fully Visible
6805,226.83,Fully Visible
6806,226.87,Fully Visible
6807,226.9,Fully Visible
6808,226.93,Fully Visible
6809,226.97,No Logo
6810,227.0,No Logo
6811,227.03,No Logo
6812,227.07,No Logo
6813,227.1,Fully Visible
6814,227.13,Fully Visible
6815,227.17,Fully Visible
6816,227.2,Fully Visible
6817,227.23,Fully Visible
6818,227.27,Fully Visible
6819,227.3,Fully Visible
6820,227.33,No Logo
6821,227.37,Fully Visible
6822,227.4,Fully Visible
6823,227.43,Fully Visible
6824,227.47,Fully Visible
6825,227.5,Fully Visible
6826,227.53,No Logo
6827,227.57,No Logo
6828,227.6,No Logo
6829,227.63,No Logo
6830,227.67,No Logo
6831,227.7,No Logo
6832,227.73,No Logo
6833,227.77,No Logo
6834,227.8,Fully Visible
6835,227.83,Fully Visible
6836,227.87,Fully Visible
6837,227.9,Fully Visible
6838,227.93,Fully Visible
6839,227.97,Fully Visible
6840,228.0,Fully Visible
6841,228.03,Fully Visible
6842,228.07,Fully Visible
6843,228.1,Fully Visible
6844,228.13,Fully Visible
6845,228.17,Fully Visible
6846,228.2,Fully Visible
6847,228.23,Fully Visible
6848,228.27,No Logo
6849,228.3,No Logo
6850,228.33,No Logo
6851,228.37,No Logo
6852,228.4,No Logo
6853,228.43,No Logo
6854,228.47,No Logo
6855,228.5,No Logo
6856,228.53,No Logo
6857,228.57,No Logo
6858,228.6,No Logo
6859,228.63,No Logo
6860,228.67,No Logo
6861,228.7,No Logo
6862,228.73,No Logo
6863,228.77,No Logo
6864,228.8,No Logo
6865,228.83,No Logo
6866,228.87,No Logo
6867,228.9,No Logo
6868,228.93,No Logo
6869,228.97,No Logo
6870,229.0,No Logo
6871,229.03,No Logo
6872,229.07,No Logo
6873,229.1,No Logo
6874,229.13,No Logo
6875,229.17,No Logo
6876,229.2,No Logo
6877,229.23,No Logo
6878,229.27,No Logo
6879,229.3,No Logo
6880,229.33,No Logo
6881,229.37,No Logo
6882,229.4,No Logo
6883,229.43,No Logo
6884,229.47,No Logo
6885,229.5,No Logo
6886,229.53,No Logo
6887,229.57,No Logo
6888,229.6,No Logo
6889,229.63,No Logo
6890,229.67,No Logo
6891,229.7,No Logo
6892,229.73,No Logo
6893,229.77,No Logo
6894,229.8,No Logo
6895,229.83,No Logo
6896,229.87,No Logo
6897,229.9,No Logo
6898,229.93,No Logo
6899,229.97,No Logo
6900,230.0,No Logo
6901,230.03,No Logo
6902,230.07,No Logo
6903,230.1,No Logo
6904,230.13,No Logo
6905,230.17,No Logo
6906,230.2,No Logo
6907,230.23,No Logo
6908,230.27,No Logo
6909,230.3,No Logo
6910,230.33,No Logo
6911,230.37,No Logo
6912,230.4,No Logo
6913,230.43,No Logo
6914,230.47,No Logo
6915,230.5,No Logo
6916,230.53,No Logo
6917,230.57,Fully Visible
6918,230.6,Fully Visible
6919,230.63,Fully Visible
6920,230.67,Fully Visible
6921,230.7,Fully Visible
6922,230.73,Fully Visible
6923,230.77,No Logo
6924,230.8,Fully Visible
6925,230.83,Fully Visible
6926,230.87,Fully Visible
6927,230.9,Fully Visible
6928,230.93,No Logo
6929,230.97,No Logo
6930,231.0,No Logo
6931,231.03,No Logo
6932,231.07,No Logo
6933,231.1,No Logo
6934,231.13,No Logo
6935,231.17,No Logo
6936,231.2,No Logo
6937,231.23,No Logo
6938,231.27,No Logo
6939,231.3,No Logo
6940,231.33,No Logo
6941,231.37,No Logo
6942,231.4,No Logo
6943,231.43,No Logo
6944,231.47,No Logo
6945,231.5,No Logo
6946,231.53,No Logo
6947,231.57,No Logo
6948,231.6,No Logo
6949,231.63,No Logo
6950,231.67,No Logo
6951,231.7,No Logo
6952,231.73,No Logo
6953,231.77,No Logo
6954,231.8,No Logo
6955,231.83,No Logo
6956,231.87,No Logo
6957,231.9,No Logo
6958,231.93,No Logo
6959,231.97,No Logo
6960,232.0,No Logo
6961,232.03,No Logo
6962,232.07,No Logo
6963,232.1,No Logo
6964,232.13,No Logo
6965,232.17,No Logo
6966,232.2,No Logo
6967,232.23,No Logo
6968,232.27,No Logo
6969,232.3,No Logo
6970,232.33,No Logo
6971,232.37,No Logo
6972,232.4,No Logo
6973,232.43,No Logo
6974,232.47,No Logo
6975,232.5,No Logo
6976,232.53,No Logo
6977,232.57,No Logo
6978,232.6,No Logo
6979,232.63,No Logo
6980,232.67,No Logo
6981,232.7,No Logo
6982,232.73,No Logo
6983,232.77,No Logo
6984,232.8,No Logo
6985,232.83,No Logo
6986,232.87,No Logo
6987,232.9,No Logo
6988,232.93,No Logo
6989,232.97,No Logo
6990,233.0,No Logo
6991,233.03,No Logo
6992,233.07,No Logo
6993,233.1,No Logo
6994,233.13,No Logo
6995,233.17,No Logo
6996,233.2,No Logo
6997,233.23,No Logo
6998,233.27,No Logo
6999,233.3,No Logo
7000,233.33,No Logo
7001,233.37,No Logo
7002,233.4,No Logo
7003,233.43,No Logo
7004,233.47,No Logo
7005,233.5,No Logo
7006,233.53,No Logo
7007,233.57,No Logo
7008,233.6,No Logo
7009,233.63,No Logo
7010,233.67,No Logo
7011,233.7,No Logo
7012,233.73,No Logo
7013,233.77,No Logo
7014,233.8,No Logo
7015,233.83,No Logo
7016,233.87,No Logo
7017,233.9,No Logo
7018,233.93,No Logo
7019,233.97,No Logo
7020,234.0,No Logo
7021,234.03,No Logo
7022,234.07,No Logo
7023,234.1,No Logo
7024,234.13,No Logo
7025,234.17,No Logo
7026,234.2,No Logo
7027,234.23,No Logo
7028,234.27,No Logo
7029,234.3,No Logo
7030,234.33,No Logo
7031,234.37,No Logo
7032,234.4,No Logo
7033,234.43,No Logo
7034,234.47,No Logo
7035,234.5,No Logo
7036,234.53,No Logo
7037,234.57,No Logo
7038,234.6,No Logo
7039,234.63,No Logo
7040,234.67,No Logo
7041,234.7,No Logo
7042,234.73,No Logo
7043,234.77,No Logo
7044,234.8,No Logo
7045,234.83,No Logo
7046,234.87,No Logo
7047,234.9,No Logo
7048,234.93,No Logo
7049,234.97,No Logo
7050,235.0,No Logo
7051,235.03,No Logo
7052,235.07,No Logo
7053,235.1,No Logo
7054,235.13,No Logo
7055,235.17,No Logo
7056,235.2,No Logo
7057,235.23,No Logo
7058,235.27,No Logo
7059,235.3,No Logo
7060,235.33,No Logo
7061,235.37,No Logo
7062,235.4,No Logo
7063,235.43,No Logo
7064,235.47,No Logo
7065,235.5,No Logo
7066,235.53,Fully Visible
7067,235.57,Partially Visible
7068,235.6,No Logo
7069,235.63,No Logo
7070,235.67,Partially Visible
7071,235.7,No Logo
7072,235.73,No Logo
7073,235.77,No Logo
7074,235.8,Partially Visible
7075,235.83,Partially Visible
7076,235.87,Partially Visible
7077,235.9,Partially Visible
7078,235.93,No Logo
7079,235.97,No Logo
7080,236.0,No Logo
7081,236.03,No Logo
7082,236.07,No Logo
7083,236.1,No Logo
7084,236.13,No Logo
7085,236.17,No Logo
7086,236.2,No Logo
7087,236.23,No Logo
7088,236.27,No Logo
7089,236.3,No Logo
7090,236.33,No Logo
7091,236.37,No Logo
7092,236.4,No Logo
7093,236.43,No Logo
7094,236.47,No Logo
7095,236.5,No Logo
7096,236.53,No Logo
7097,236.57,No Logo
7098,236.6,No Logo
7099,236.63,No Logo
7100,236.67,No Logo
7101,236.7,No Logo
7102,236.73,No Logo
7103,236.77,No Logo
7104,236.8,No Logo
7105,236.83,No Logo
7106,236.87,No Logo
7107,236.9,No Logo
7108,236.93,No Logo
7109,236.97,No Logo
7110,237.0,No Logo
7111,237.03,No Logo
7112,237.07,No Logo
7113,237.1,No Logo
7114,237.13,No Logo
7115,237.17,No Logo
7116,237.2,No Logo
7117,237.23,No Logo
7118,237.27,No Logo
7119,237.3,No Logo
7120,237.33,No Logo
7121,237.37,No Logo
7122,237.4,No Logo
7123,237.43,No Logo
7124,237.47,No Logo
7125,237.5,No Logo
7126,237.53,No Logo
7127,237.57,No Logo
7128,237.6,No Logo
7129,237.63,No Logo
7130,237.67,No Logo
7131,237.7,No Logo
7132,237.73,No Logo
7133,237.77,Fully Visible
7134,237.8,No Logo
7135,237.83,No Logo
7136,237.87,No Logo
7137,237.9,No Logo
7138,237.93,No Logo
7139,237.97,No Logo
7140,238.0,No Logo
7141,238.03,No Logo
7142,238.07,No Logo
7143,238.1,No Logo
7144,238.13,No Logo
7145,238.17,No Logo
7146,238.2,No Logo
7147,238.23,No Logo
7148,238.27,No Logo
7149,238.3,No Logo
7150,238.33,No Logo
7151,238.37,No Logo
7152,238.4,No Logo
7153,238.43,No Logo
7154,238.47,No Logo
7155,238.5,No Logo
7156,238.53,No Logo
7157,238.57,No Logo
7158,238.6,No Logo
7159,238.63,No Logo
7160,238.67,No Logo
7161,238.7,No Logo
7162,238.73,No Logo
7163,238.77,No Logo
7164,238.8,No Logo
7165,238.83,No Logo
7166,238.87,No Logo
7167,238.9,No Logo
7168,238.93,No Logo
7169,238.97,No Logo
7170,239.0,No Logo
7171,239.03,No Logo
7172,239.07,No Logo
7173,239.1,No Logo
7174,239.13,No Logo
7175,239.17,No Logo
7176,239.2,No Logo
7177,239.23,No Logo
7178,239.27,No Logo
7179,239.3,No Logo
7180,239.33,No Logo
7181,239.37,No Logo
7182,239.4,No Logo
7183,239.43,No Logo
7184,239.47,No Logo
7185,239.5,No Logo
7186,239.53,No Logo
7187,239.57,No Logo
7188,239.6,No Logo
7189,239.63,No Logo
7190,239.67,No Logo
7191,239.7,No Logo
7192,239.73,No Logo
7193,239.77,No Logo
7194,239.8,No Logo
7195,239.83,No Logo
7196,239.87,No Logo
7197,239.9,No Logo
7198,239.93,No Logo
7199,239.97,No Logo
7200,240.0,No Logo
7201,240.03,No Logo
7202,240.07,No Logo
7203,240.1,No Logo
7204,240.13,No Logo
7205,240.17,No Logo
7206,240.2,No Logo
7207,240.23,No Logo
7208,240.27,No Logo
7209,240.3,No Logo
7210,240.33,No Logo
7211,240.37,No Logo
7212,240.4,No Logo
7213,240.43,No Logo
7214,240.47,No Logo
7215,240.5,No Logo
7216,240.53,No Logo
7217,240.57,No Logo
7218,240.6,No Logo
7219,240.63,No Logo
7220,240.67,No Logo
7221,240.7,No Logo
7222,240.73,No Logo
7223,240.77,No Logo
7224,240.8,No Logo
7225,240.83,No Logo
7226,240.87,No Logo
7227,240.9,Fully Visible
7228,240.93,Fully Visible
7229,240.97,Fully Visible
7230,241.0,Fully Visible
7231,241.03,Fully Visible
7232,241.07,Fully Visible
7233,241.1,Fully Visible
7234,241.13,Fully Visible
7235,241.17,No Logo
7236,241.2,Partially Visible
7237,241.23,Partially Visible
7238,241.27,No Logo
7239,241.3,No Logo
7240,241.33,Partially Visible
7241,241.37,Partially Visible
7242,241.4,No Logo
7243,241.43,No Logo
7244,241.47,Partially Visible
7245,241.5,Partially Visible
7246,241.53,Partially Visible
7247,241.57,Partially Visible
7248,241.6,No Logo
7249,241.63,No Logo
7250,241.67,No Logo
7251,241.7,No Logo
7252,241.73,No Logo
7253,241.77,No Logo
7254,241.8,No Logo
7255,241.83,No Logo
7256,241.87,No Logo
7257,241.9,No Logo
7258,241.93,No Logo
7259,241.97,No Logo
7260,242.0,No Logo
7261,242.03,No Logo
7262,242.07,No Logo
7263,242.1,No Logo
7264,242.13,No Logo
7265,242.17,No Logo
7266,242.2,No Logo
7267,242.23,No Logo
7268,242.27,No Logo
7269,242.3,No Logo
7270,242.33,No Logo
7271,242.37,No Logo
7272,242.4,No Logo
7273,242.43,No Logo
7274,242.47,No Logo
7275,242.5,No Logo
7276,242.53,No Logo
7277,242.57,No Logo
7278,242.6,No Logo
7279,242.63,No Logo
7280,242.67,No Logo
7281,242.7,No Logo
7282,242.73,No Logo
7283,242.77,No Logo
7284,242.8,No Logo
7285,242.83,No Logo
7286,242.87,No Logo
7287,242.9,No Logo
7288,242.93,No Logo
7289,242.97,No Logo
7290,243.0,No Logo
7291,243.03,No Logo
7292,243.07,No Logo
7293,243.1,No Logo
7294,243.13,No Logo
7295,243.17,No Logo
7296,243.2,No Logo
7297,243.23,No Logo
7298,243.27,No Logo
7299,243.3,No Logo
7300,243.33,No Logo
7301,243.37,No Logo
7302,243.4,No Logo
7303,243.43,No Logo
7304,243.47,No Logo
7305,243.5,No Logo
7306,243.53,No Logo
7307,243.57,No Logo
7308,243.6,No Logo
7309,243.63,No Logo
7310,243.67,No Logo
7311,243.7,No Logo
7312,243.73,No Logo
7313,243.77,No Logo
7314,243.8,No Logo
7315,243.83,No Logo
7316,243.87,No Logo
7317,243.9,No Logo
7318,243.93,No Logo
7319,243.97,No Logo
7320,244.0,No Logo
7321,244.03,No Logo
7322,244.07,No Logo
7323,244.1,No Logo
7324,244.13,No Logo
7325,244.17,No Logo
7326,244.2,No Logo
7327,244.23,No Logo
7328,244.27,No Logo
7329,244.3,No Logo
7330,244.33,No Logo
7331,244.37,No Logo
7332,244.4,No Logo
7333,244.43,No Logo
7334,244.47,No Logo
7335,244.5,No Logo
7336,244.53,No Logo
7337,244.57,No Logo
7338,244.6,No Logo
7339,244.63,No Logo
7340,244.67,No Logo
7341,244.7,No Logo
7342,244.73,No Logo
7343,244.77,No Logo
7344,244.8,No Logo
7345,244.83,No Logo
7346,244.87,No Logo
7347,244.9,No Logo
7348,244.93,No Logo
7349,244.97,No Logo
7350,245.0,No Logo
7351,245.03,No Logo
7352,245.07,No Logo
7353,245.1,No Logo
7354,245.13,No Logo
7355,245.17,No Logo
7356,245.2,No Logo
7357,245.23,No Logo
7358,245.27,No Logo
7359,245.3,No Logo
7360,245.33,No Logo
7361,245.37,No Logo
7362,245.4,No Logo
7363,245.43,No Logo
7364,245.47,No Logo
7365,245.5,No Logo
7366,245.53,No Logo
7367,245.57,No Logo
7368,245.6,No Logo
7369,245.63,No Logo
7370,245.67,No Logo
7371,245.7,No Logo
7372,245.73,No Logo
7373,245.77,No Logo
7374,245.8,No Logo
7375,245.83,No Logo
7376,245.87,No Logo
7377,245.9,No Logo
7378,245.93,No Logo
7379,245.97,No Logo
7380,246.0,No Logo
7381,246.03,No Logo
7382,246.07,No Logo
7383,246.1,No Logo
7384,246.13,No Logo
7385,246.17,No Logo
7386,246.2,No Logo
7387,246.23,No Logo
7388,246.27,No Logo
7389,246.3,No Logo
7390,246.33,No Logo
7391,246.37,No Logo
7392,246.4,No Logo
7393,246.43,No Logo
7394,246.47,No Logo
7395,246.5,No Logo
7396,246.53,No Logo
7397,246.57,No Logo
7398,246.6,No Logo
7399,246.63,No Logo
7400,246.67,No Logo
7401,246.7,No Logo
7402,246.73,No Logo
7403,246.77,No Logo
7404,246.8,No Logo
7405,246.83,No Logo
7406,246.87,No Logo
7407,246.9,No Logo
7408,246.93,No Logo
7409,246.97,Fully Visible
7410,247.0,Fully Visible
7411,247.03,Fully Visible
7412,247.07,Fully Visible
7413,247.1,Fully Visible
7414,247.13,Fully Visible
7415,247.17,Fully Visible
7416,247.2,Fully Visible
7417,247.23,Fully Visible
7418,247.27,Fully Visible
7419,247.3,Fully Visible
7420,247.33,Fully Visible
7421,247.37,Fully Visible
7422,247.4,Fully Visible
7423,247.43,Fully Visible
7424,247.47,Fully Visible
7425,247.5,Fully Visible
7426,247.53,Fully Visible
7427,247.57,Fully Visible
7428,247.6,No Logo
7429,247.63,No Logo
7430,247.67,No Logo
7431,247.7,No Logo
7432,247.73,No Logo
7433,247.77,No Logo
7434,247.8,No Logo
7435,247.83,No Logo
7436,247.87,No Logo
7437,247.9,No Logo
7438,247.93,No Logo
7439,247.97,No Logo
7440,248.0,No Logo
7441,248.03,No Logo
7442,248.07,No Logo
7443,248.1,No Logo
7444,248.13,No Logo
7445,248.17,No Logo
7446,248.2,No Logo
7447,248.23,No Logo
7448,248.27,No Logo
7449,248.3,No Logo
7450,248.33,No Logo
7451,248.37,No Logo
7452,248.4,No Logo
7453,248.43,No Logo
7454,248.47,No Logo
7455,248.5,No Logo
7456,248.53,No Logo
7457,248.57,No Logo
7458,248.6,No Logo
7459,248.63,No Logo
7460,248.67,No Logo
7461,248.7,No Logo
7462,248.73,No Logo
7463,248.77,No Logo
7464,248.8,No Logo
7465,248.83,No Logo
7466,248.87,No Logo
7467,248.9,No Logo
7468,248.93,No Logo
7469,248.97,No Logo
7470,249.0,No Logo
7471,249.03,No Logo
7472,249.07,No Logo
7473,249.1,No Logo
7474,249.13,No Logo
7475,249.17,No Logo
7476,249.2,No Logo
7477,249.23,No Logo
7478,249.27,No Logo
7479,249.3,No Logo
7480,249.33,No Logo
7481,249.37,No Logo
7482,249.4,No Logo
7483,249.43,No Logo
7484,249.47,No Logo
7485,249.5,No Logo
7486,249.53,No Logo
7487,249.57,No Logo
7488,249.6,No Logo
7489,249.63,No Logo
7490,249.67,No Logo
7491,249.7,No Logo
7492,249.73,No Logo
7493,249.77,No Logo
7494,249.8,No Logo
7495,249.83,No Logo
7496,249.87,No Logo
7497,249.9,No Logo
7498,249.93,No Logo
7499,249.97,No Logo
7500,250.0,No Logo
7501,250.03,No Logo
7502,250.07,No Logo
7503,250.1,No Logo
7504,250.13,No Logo
7505,250.17,No Logo
7506,250.2,No Logo
7507,250.23,No Logo
7508,250.27,No Logo
7509,250.3,No Logo
7510,250.33,No Logo
7511,250.37,No Logo
7512,250.4,No Logo
7513,250.43,No Logo
7514,250.47,No Logo
7515,250.5,No Logo
7516,250.53,No Logo
7517,250.57,No Logo
7518,250.6,No Logo
7519,250.63,No Logo
7520,250.67,No Logo
7521,250.7,No Logo
7522,250.73,No Logo
7523,250.77,No Logo
7524,250.8,No Logo
7525,250.83,No Logo
7526,250.87,No Logo
7527,250.9,No Logo
7528,250.93,No Logo
7529,250.97,No Logo
7530,251.0,No Logo
7531,251.03,No Logo
7532,251.07,No Logo
7533,251.1,No Logo
7534,251.13,No Logo
7535,251.17,No Logo
7536,251.2,No Logo
7537,251.23,No Logo
7538,251.27,No Logo
7539,251.3,No Logo
7540,251.33,No Logo
7541,251.37,No Logo
7542,251.4,No Logo
7543,251.43,No Logo
7544,251.47,No Logo
7545,251.5,No Logo
7546,251.53,No Logo
7547,251.57,No Logo
7548,251.6,No Logo
7549,251.63,No Logo
7550,251.67,No Logo
7551,251.7,No Logo
7552,251.73,No Logo
7553,251.77,No Logo
7554,251.8,No Logo
7555,251.83,No Logo
7556,251.87,No Logo
7557,251.9,No Logo
7558,251.93,No Logo
7559,251.97,No Logo
7560,252.0,No Logo
7561,252.03,No Logo
7562,252.07,No Logo
7563,252.1,No Logo
7564,252.13,No Logo
7565,252.17,No Logo
7566,252.2,No Logo
7567,252.23,No Logo
7568,252.27,No Logo
7569,252.3,No Logo
7570,252.33,No Logo
7571,252.37,No Logo
7572,252.4,No Logo
7573,252.43,No Logo
7574,252.47,No Logo
7575,252.5,No Logo
7576,252.53,No Logo
7577,252.57,No Logo
7578,252.6,No Logo
7579,252.63,No Logo
7580,252.67,No Logo
7581,252.7,No Logo
7582,252.73,No Logo
7583,252.77,No Logo
7584,252.8,No Logo
7585,252.83,No Logo
7586,252.87,No Logo
7587,252.9,No Logo
7588,252.93,No Logo
7589,252.97,No Logo
7590,253.0,No Logo
7591,253.03,No Logo
7592,253.07,No Logo
7593,253.1,No Logo
7594,253.13,No Logo
7595,253.17,No Logo
7596,253.2,No Logo
7597,253.23,No Logo
7598,253.27,No Logo
7599,253.3,No Logo
7600,253.33,No Logo
7601,253.37,No Logo
7602,253.4,No Logo
7603,253.43,No Logo
7604,253.47,No Logo
7605,253.5,No Logo
7606,253.53,No Logo
7607,253.57,No Logo
7608,253.6,No Logo
7609,253.63,No Logo
7610,253.67,No Logo
7611,253.7,No Logo
7612,253.73,No Logo
7613,253.77,No Logo
7614,253.8,No Logo
7615,253.83,No Logo
7616,253.87,No Logo
7617,253.9,No Logo
7618,253.93,Partially Visible
7619,253.97,Partially Visible
7620,254.0,Partially Visible
7621,254.03,Partially Visible
7622,254.07,Partially Visible
7623,254.1,Partially Visible
7624,254.13,Partially Visible
7625,254.17,Partially Visible
7626,254.2,No Logo
7627,254.23,No Logo
7628,254.27,No Logo
7629,254.3,No Logo
7630,254.33,No Logo
7631,254.37,No Logo
7632,254.4,No Logo
7633,254.43,No Logo
7634,254.47,No Logo
7635,254.5,No Logo
7636,254.53,No Logo
7637,254.57,No Logo
7638,254.6,No Logo
7639,254.63,No Logo
7640,254.67,No Logo
7641,254.7,No Logo
7642,254.73,No Logo
7643,254.77,No Logo
7644,254.8,No Logo
7645,254.83,No Logo
7646,254.87,No Logo
7647,254.9,No Logo
7648,254.93,No Logo
7649,254.97,No Logo
7650,255.0,No Logo
7651,255.03,No Logo
7652,255.07,No Logo
7653,255.1,No Logo
7654,255.13,No Logo
7655,255.17,No Logo
7656,255.2,No Logo
7657,255.23,No Logo
7658,255.27,No Logo
7659,255.3,No Logo
7660,255.33,No Logo
7661,255.37,No Logo
7662,255.4,No Logo
7663,255.43,No Logo
7664,255.47,No Logo
7665,255.5,No Logo
7666,255.53,No Logo
7667,255.57,No Logo
7668,255.6,No Logo
7669,255.63,No Logo
7670,255.67,No Logo
7671,255.7,No Logo
7672,255.73,No Logo
7673,255.77,No Logo
7674,255.8,No Logo
7675,255.83,No Logo
7676,255.87,No Logo
7677,255.9,No Logo
7678,255.93,No Logo
7679,255.97,No Logo
7680,256.0,No Logo
7681,256.03,No Logo
7682,256.07,No Logo
7683,256.1,No Logo
7684,256.13,No Logo
7685,256.17,No Logo
7686,256.2,No Logo
7687,256.23,No Logo
7688,256.27,No Logo
7689,256.3,No Logo
7690,256.33,No Logo
7691,256.37,No Logo
7692,256.4,No Logo
7693,256.43,No Logo
7694,256.47,No Logo
7695,256.5,No Logo
7696,256.53,No Logo
7697,256.57,No Logo
7698,256.6,No Logo
7699,256.63,No Logo
7700,256.67,No Logo
7701,256.7,No Logo
7702,256.73,No Logo
7703,256.77,No Logo
7704,256.8,No Logo
7705,256.83,No Logo
7706,256.87,No Logo
7707,256.9,No Logo
7708,256.93,No Logo
7709,256.97,No Logo
7710,257.0,No Logo
7711,257.03,No Logo
7712,257.07,No Logo
7713,257.1,No Logo
7714,257.13,No Logo
7715,257.17,No Logo
7716,257.2,No Logo
7717,257.23,No Logo
7718,257.27,No Logo
7719,257.3,No Logo
7720,257.33,No Logo
7721,257.37,No Logo
7722,257.4,No Logo
7723,257.43,No Logo
7724,257.47,No Logo
7725,257.5,No Logo
7726,257.53,No Logo
7727,257.57,No Logo
7728,257.6,No Logo
7729,257.63,No Logo
7730,257.67,No Logo
7731,257.7,No Logo
7732,257.73,No Logo
7733,257.77,No Logo
7734,257.8,No Logo
7735,257.83,No Logo
7736,257.87,No Logo
7737,257.9,No Logo
7738,257.93,No Logo
7739,257.97,No Logo
7740,258.0,No Logo
7741,258.03,No Logo
7742,258.07,No Logo
7743,258.1,No Logo
7744,258.13,No Logo
7745,258.17,No Logo
7746,258.2,No Logo
7747,258.23,No Logo
7748,258.27,No Logo
7749,258.3,No Logo
7750,258.33,No Logo
7751,258.37,No Logo
7752,258.4,No Logo
7753,258.43,No Logo
7754,258.47,No Logo
7755,258.5,No Logo
7756,258.53,No Logo
7757,258.57,No Logo
7758,258.6,No Logo
7759,258.63,No Logo
7760,258.67,No Logo
7761,258.7,No Logo
7762,258.73,No Logo
7763,258.77,No Logo
7764,258.8,No Logo
7765,258.83,No Logo
7766,258.87,No Logo
7767,258.9,No Logo
7768,258.93,No Logo
7769,258.97,No Logo
7770,259.0,No Logo
7771,259.03,No Logo
7772,259.07,No Logo
7773,259.1,No Logo
7774,259.13,No Logo
7775,259.17,No Logo
7776,259.2,No Logo
7777,259.23,No Logo
7778,259.27,No Logo
7779,259.3,No Logo
7780,259.33,No Logo
7781,259.37,No Logo
7782,259.4,No Logo
7783,259.43,No Logo
7784,259.47,No Logo
7785,259.5,No Logo
7786,259.53,No Logo
7787,259.57,No Logo
7788,259.6,No Logo
7789,259.63,No Logo
7790,259.67,No Logo
7791,259.7,No Logo
7792,259.73,No Logo
7793,259.77,No Logo
7794,259.8,No Logo
7795,259.83,No Logo
7796,259.87,No Logo
7797,259.9,No Logo
7798,259.93,No Logo
7799,259.97,No Logo
7800,260.0,No Logo
7801,260.03,No Logo
7802,260.07,No Logo
7803,260.1,No Logo
7804,260.13,No Logo
7805,260.17,No Logo
7806,260.2,No Logo
7807,260.23,No Logo
7808,260.27,No Logo
7809,260.3,No Logo
7810,260.33,No Logo
7811,260.37,No Logo
7812,260.4,No Logo
7813,260.43,No Logo
7814,260.47,No Logo
7815,260.5,No Logo
7816,260.53,No Logo
7817,260.57,No Logo
7818,260.6,No Logo
7819,260.63,No Logo
7820,260.67,No Logo
7821,260.7,No Logo
7822,260.73,No Logo
7823,260.77,No Logo
7824,260.8,No Logo
7825,260.83,No Logo
7826,260.87,No Logo
7827,260.9,No Logo
7828,260.93,No Logo
7829,260.97,No Logo
7830,261.0,No Logo
7831,261.03,No Logo
7832,261.07,No Logo
7833,261.1,No Logo
7834,261.13,No Logo
7835,261.17,No Logo
7836,261.2,No Logo
7837,261.23,No Logo
7838,261.27,No Logo
7839,261.3,No Logo
7840,261.33,No Logo
7841,261.37,No Logo
7842,261.4,No Logo
7843,261.43,No Logo
7844,261.47,No Logo
7845,261.5,No Logo
7846,261.53,No Logo
7847,261.57,No Logo
7848,261.6,No Logo
7849,261.63,No Logo
7850,261.67,No Logo
7851,261.7,No Logo
7852,261.73,No Logo
7853,261.77,No Logo
7854,261.8,No Logo
7855,261.83,No Logo
7856,261.87,No Logo
7857,261.9,No Logo
7858,261.93,No Logo
7859,261.97,No Logo
7860,262.0,No Logo
7861,262.03,No Logo
7862,262.07,No Logo
7863,262.1,No Logo
7864,262.13,No Logo
7865,262.17,No Logo
7866,262.2,No Logo
7867,262.23,No Logo
7868,262.27,No Logo
7869,262.3,No Logo
7870,262.33,No Logo
7871,262.37,No Logo
7872,262.4,No Logo
7873,262.43,No Logo
7874,262.47,No Logo
7875,262.5,No Logo
7876,262.53,No Logo
7877,262.57,No Logo
7878,262.6,No Logo
7879,262.63,No Logo
7880,262.67,No Logo
7881,262.7,No Logo
7882,262.73,No Logo
7883,262.77,No Logo
7884,262.8,No Logo
7885,262.83,No Logo
7886,262.87,No Logo
7887,262.9,No Logo
7888,262.93,No Logo
7889,262.97,No Logo
7890,263.0,No Logo
7891,263.03,No Logo
7892,263.07,No Logo
7893,263.1,No Logo
7894,263.13,No Logo
7895,263.17,No Logo
7896,263.2,No Logo
7897,263.23,No Logo
7898,263.27,No Logo
7899,263.3,No Logo
7900,263.33,No Logo
7901,263.37,No Logo
7902,263.4,No Logo
7903,263.43,No Logo
7904,263.47,No Logo
7905,263.5,No Logo
7906,263.53,No Logo
7907,263.57,No Logo
7908,263.6,No Logo
7909,263.63,No Logo
7910,263.67,No Logo
7911,263.7,No Logo
7912,263.73,No Logo
7913,263.77,No Logo
7914,263.8,No Logo
7915,263.83,No Logo
7916,263.87,No Logo
7917,263.9,No Logo
7918,263.93,No Logo
7919,263.97,No Logo
7920,264.0,No Logo
7921,264.03,No Logo
7922,264.07,No Logo
7923,264.1,No Logo
7924,264.13,No Logo
7925,264.17,No Logo
7926,264.2,No Logo
7927,264.23,No Logo
7928,264.27,No Logo
7929,264.3,No Logo
7930,264.33,No Logo
7931,264.37,No Logo
7932,264.4,No Logo
7933,264.43,No Logo
7934,264.47,No Logo
7935,264.5,No Logo
7936,264.53,No Logo
7937,264.57,No Logo
7938,264.6,No Logo
7939,264.63,No Logo
7940,264.67,No Logo
7941,264.7,No Logo
7942,264.73,No Logo
7943,264.77,No Logo
7944,264.8,No Logo
7945,264.83,No Logo
7946,264.87,No Logo
7947,264.9,No Logo
7948,264.93,No Logo
7949,264.97,No Logo
7950,265.0,No Logo
7951,265.03,No Logo
7952,265.07,No Logo
7953,265.1,No Logo
7954,265.13,No Logo
7955,265.17,No Logo
7956,265.2,No Logo
7957,265.23,No Logo
7958,265.27,No Logo
7959,265.3,No Logo
7960,265.33,No Logo
7961,265.37,No Logo
7962,265.4,No Logo
7963,265.43,No Logo
7964,265.47,No Logo
7965,265.5,No Logo
7966,265.53,No Logo
7967,265.57,No Logo
7968,265.6,No Logo
7969,265.63,No Logo
7970,265.67,No Logo
7971,265.7,No Logo
7972,265.73,No Logo
7973,265.77,No Logo
7974,265.8,No Logo
7975,265.83,No Logo
7976,265.87,No Logo
7977,265.9,No Logo
7978,265.93,No Logo
7979,265.97,No Logo
7980,266.0,No Logo
7981,266.03,No Logo
7982,266.07,No Logo
7983,266.1,No Logo
7984,266.13,No Logo
7985,266.17,No Logo
7986,266.2,No Logo
7987,266.23,No Logo
7988,266.27,No Logo
7989,266.3,No Logo
7990,266.33,No Logo
7991,266.37,No Logo
7992,266.4,No Logo
7993,266.43,No Logo
7994,266.47,No Logo
7995,266.5,No Logo
7996,266.53,No Logo
7997,266.57,No Logo
7998,266.6,No Logo
7999,266.63,No Logo
8000,266.67,No Logo
8001,266.7,No Logo
8002,266.73,No Logo
8003,266.77,No Logo
8004,266.8,No Logo
8005,266.83,No Logo
8006,266.87,No Logo
8007,266.9,No Logo
8008,266.93,No Logo
8009,266.97,No Logo
8010,267.0,No Logo
8011,267.03,No Logo
8012,267.07,No Logo
8013,267.1,No Logo
8014,267.13,No Logo
8015,267.17,No Logo
8016,267.2,No Logo
8017,267.23,No Logo
8018,267.27,No Logo
8019,267.3,No Logo
8020,267.33,No Logo
8021,267.37,No Logo
8022,267.4,No Logo
8023,267.43,No Logo
8024,267.47,No Logo
8025,267.5,No Logo
8026,267.53,No Logo
8027,267.57,No Logo
8028,267.6,No Logo
8029,267.63,No Logo
8030,267.67,No Logo
8031,267.7,No Logo
8032,267.73,No Logo
8033,267.77,No Logo
8034,267.8,No Logo
8035,267.83,No Logo
8036,267.87,No Logo
8037,267.9,No Logo
8038,267.93,No Logo
8039,267.97,No Logo
8040,268.0,No Logo
8041,268.03,No Logo
8042,268.07,No Logo
8043,268.1,No Logo
8044,268.13,No Logo
8045,268.17,No Logo
8046,268.2,No Logo
8047,268.23,No Logo
8048,268.27,No Logo
8049,268.3,No Logo
8050,268.33,No Logo
8051,268.37,No Logo
8052,268.4,No Logo
8053,268.43,No Logo
8054,268.47,No Logo
8055,268.5,No Logo
8056,268.53,No Logo
8057,268.57,No Logo
8058,268.6,No Logo
8059,268.63,No Logo
8060,268.67,No Logo
8061,268.7,No Logo
8062,268.73,No Logo
8063,268.77,Fully Visible
8064,268.8,No Logo
8065,268.83,No Logo
8066,268.87,No Logo
8067,268.9,Partially Visible
8068,268.93,No Logo
8069,268.97,No Logo
8070,269.0,Partially Visible
8071,269.03,Partially Visible
8072,269.07,Partially Visible
8073,269.1,Partially Visible
8074,269.13,No Logo
8075,269.17,No Logo
8076,269.2,No Logo
8077,269.23,No Logo
8078,269.27,No Logo
8079,269.3,No Logo
8080,269.33,No Logo
8081,269.37,No Logo
8082,269.4,No Logo
8083,269.43,No Logo
8084,269.47,No Logo
8085,269.5,No Logo
8086,269.53,No Logo
8087,269.57,No Logo
8088,269.6,No Logo
8089,269.63,No Logo
8090,269.67,No Logo
8091,269.7,No Logo
8092,269.73,No Logo
8093,269.77,No Logo
8094,269.8,No Logo
8095,269.83,No Logo
8096,269.87,No Logo
8097,269.9,No Logo
8098,269.93,No Logo
8099,269.97,No Logo
8100,270.0,No Logo
8101,270.03,No Logo
8102,270.07,No Logo
8103,270.1,No Logo
8104,270.13,No Logo
8105,270.17,No Logo
8106,270.2,No Logo
8107,270.23,No Logo
8108,270.27,No Logo
8109,270.3,No Logo
8110,270.33,No Logo
8111,270.37,No Logo
8112,270.4,No Logo
8113,270.43,No Logo
8114,270.47,No Logo
8115,270.5,No Logo
8116,270.53,No Logo
8117,270.57,No Logo
8118,270.6,No Logo
8119,270.63,No Logo
8120,270.67,No Logo
8121,270.7,No Logo
8122,270.73,No Logo
8123,270.77,No Logo
8124,270.8,No Logo
8125,270.83,No Logo
8126,270.87,No Logo
8127,270.9,No Logo
8128,270.93,No Logo
8129,270.97,No Logo
8130,271.0,No Logo
8131,271.03,No Logo
8132,271.07,No Logo
8133,271.1,No Logo
8134,271.13,Fully Visible
8135,271.17,Fully Visible
8136,271.2,No Logo
8137,271.23,No Logo
8138,271.27,No Logo
8139,271.3,No Logo
8140,271.33,No Logo
8141,271.37,No Logo
8142,271.4,No Logo
8143,271.43,No Logo
8144,271.47,No Logo
8145,271.5,No Logo
8146,271.53,No Logo
8147,271.57,No Logo
8148,271.6,No Logo
8149,271.63,No Logo
8150,271.67,No Logo
8151,271.7,No Logo
8152,271.73,No Logo
8153,271.77,No Logo
8154,271.8,No Logo
8155,271.83,No Logo
8156,271.87,No Logo
8157,271.9,No Logo
8158,271.93,No Logo
8159,271.97,No Logo
8160,272.0,No Logo
8161,272.03,No Logo
8162,272.07,No Logo
8163,272.1,No Logo
8164,272.13,No Logo
8165,272.17,No Logo
8166,272.2,No Logo
8167,272.23,No Logo
8168,272.27,No Logo
8169,272.3,No Logo
8170,272.33,No Logo
8171,272.37,No Logo
8172,272.4,No Logo
8173,272.43,No Logo
8174,272.47,No Logo
8175,272.5,No Logo
8176,272.53,No Logo
8177,272.57,No Logo
8178,272.6,No Logo
8179,272.63,No Logo
8180,272.67,Fully Visible
8181,272.7,Fully Visible
8182,272.73,Fully Visible
8183,272.77,Fully Visible
8184,272.8,Fully Visible
8185,272.83,Fully Visible
8186,272.87,Fully Visible
8187,272.9,No Logo
8188,272.93,Fully Visible
8189,272.97,Fully Visible
8190,273.0,No Logo
8191,273.03,No Logo
8192,273.07,No Logo
8193,273.1,No Logo
8194,273.13,No Logo
8195,273.17,No Logo
8196,273.2,No Logo
8197,273.23,No Logo
8198,273.27,No Logo
8199,273.3,No Logo
8200,273.33,No Logo
8201,273.37,No Logo
8202,273.4,No Logo
8203,273.43,No Logo
8204,273.47,No Logo
8205,273.5,No Logo
8206,273.53,No Logo
8207,273.57,No Logo
8208,273.6,No Logo
8209,273.63,No Logo
8210,273.67,No Logo
8211,273.7,No Logo
8212,273.73,No Logo
8213,273.77,No Logo
8214,273.8,No Logo
8215,273.83,No Logo
8216,273.87,No Logo
8217,273.9,No Logo
8218,273.93,No Logo
8219,273.97,No Logo
8220,274.0,No Logo
8221,274.03,No Logo
8222,274.07,No Logo
8223,274.1,No Logo
8224,274.13,No Logo
8225,274.17,No Logo
8226,274.2,No Logo
8227,274.23,No Logo
8228,274.27,No Logo
8229,274.3,No Logo
8230,274.33,No Logo
8231,274.37,No Logo
8232,274.4,No Logo
8233,274.43,No Logo
8234,274.47,No Logo
8235,274.5,No Logo
8236,274.53,No Logo
8237,274.57,No Logo
8238,274.6,No Logo
8239,274.63,No Logo
8240,274.67,No Logo
8241,274.7,No Logo
8242,274.73,No Logo
8243,274.77,No Logo
8244,274.8,No Logo
8245,274.83,No Logo
8246,274.87,No Logo
8247,274.9,No Logo
8248,274.93,No Logo
8249,274.97,No Logo
8250,275.0,No Logo
8251,275.03,No Logo
8252,275.07,No Logo
8253,275.1,No Logo
8254,275.13,No Logo
8255,275.17,No Logo
8256,275.2,No Logo
8257,275.23,No Logo
8258,275.27,No Logo
8259,275.3,No Logo
8260,275.33,No Logo
8261,275.37,No Logo
8262,275.4,No Logo
8263,275.43,No Logo
8264,275.47,No Logo
8265,275.5,No Logo
8266,275.53,No Logo
8267,275.57,No Logo
8268,275.6,No Logo
8269,275.63,No Logo
8270,275.67,No Logo
8271,275.7,No Logo
8272,275.73,No Logo
8273,275.77,No Logo
8274,275.8,No Logo
8275,275.83,No Logo
8276,275.87,No Logo
8277,275.9,No Logo
8278,275.93,No Logo
8279,275.97,No Logo
8280,276.0,No Logo
8281,276.03,No Logo
8282,276.07,No Logo
8283,276.1,No Logo
8284,276.13,No Logo
8285,276.17,No Logo
8286,276.2,No Logo
8287,276.23,No Logo
8288,276.27,No Logo
8289,276.3,No Logo
8290,276.33,No Logo
8291,276.37,No Logo
8292,276.4,No Logo
8293,276.43,No Logo
8294,276.47,No Logo
8295,276.5,No Logo
8296,276.53,No Logo
8297,276.57,No Logo
8298,276.6,No Logo
8299,276.63,No Logo
8300,276.67,No Logo
8301,276.7,No Logo
8302,276.73,No Logo
8303,276.77,No Logo
8304,276.8,No Logo
8305,276.83,No Logo
8306,276.87,No Logo
8307,276.9,No Logo
8308,276.93,No Logo
8309,276.97,No Logo
8310,277.0,No Logo
8311,277.03,No Logo
8312,277.07,No Logo
8313,277.1,No Logo
8314,277.13,No Logo
8315,277.17,No Logo
8316,277.2,No Logo
8317,277.23,No Logo
8318,277.27,No Logo
8319,277.3,No Logo
8320,277.33,No Logo
8321,277.37,No Logo
8322,277.4,No Logo
8323,277.43,No Logo
8324,277.47,No Logo
8325,277.5,No Logo
8326,277.53,No Logo
8327,277.57,No Logo
8328,277.6,No Logo
8329,277.63,No Logo
8330,277.67,Fully Visible
8331,277.7,Fully Visible
8332,277.73,Fully Visible
8333,277.77,Fully Visible
8334,277.8,Fully Visible
8335,277.83,Fully Visible
8336,277.87,Fully Visible
8337,277.9,Fully Visible
8338,277.93,Fully Visible
8339,277.97,Fully Visible
8340,278.0,Fully Visible
8341,278.03,Fully Visible
8342,278.07,Fully Visible
8343,278.1,Fully Visible
8344,278.13,Fully Visible
8345,278.17,Fully Visible
8346,278.2,Fully Visible
8347,278.23,Fully Visible
8348,278.27,Fully Visible
8349,278.3,No Logo
8350,278.33,Fully Visible
8351,278.37,Fully Visible
8352,278.4,No Logo
8353,278.43,No Logo
8354,278.47,No Logo
8355,278.5,Fully Visible
8356,278.53,Fully Visible
8357,278.57,Fully Visible
8358,278.6,Fully Visible
8359,278.63,Fully Visible
8360,278.67,Fully Visible
8361,278.7,Fully Visible
8362,278.73,No Logo
8363,278.77,No Logo
8364,278.8,No Logo
8365,278.83,No Logo
8366,278.87,Fully Visible
8367,278.9,Fully Visible
8368,278.93,Fully Visible
8369,278.97,No Logo
8370,279.0,Fully Visible
8371,279.03,Fully Visible
8372,279.07,No Logo
8373,279.1,No Logo
8374,279.13,Fully Visible
8375,279.17,No Logo
8376,279.2,Fully Visible
8377,279.23,Fully Visible
8378,279.27,Fully Visible
8379,279.3,Fully Visible
8380,279.33,Fully Visible
8381,279.37,Fully Visible
8382,279.4,No Logo
8383,279.43,No Logo
8384,279.47,Fully Visible
8385,279.5,No Logo
8386,279.53,No Logo
8387,279.57,No Logo
8388,279.6,No Logo
8389,279.63,No Logo
8390,279.67,No Logo
8391,279.7,No Logo
8392,279.73,No Logo
8393,279.77,No Logo
8394,279.8,No Logo
8395,279.83,No Logo
8396,279.87,No Logo
8397,279.9,No Logo
8398,279.93,No Logo
8399,279.97,No Logo
8400,280.0,No Logo
8401,280.03,No Logo
8402,280.07,No Logo
8403,280.1,No Logo
8404,280.13,No Logo
8405,280.17,No Logo
8406,280.2,No Logo
8407,280.23,No Logo
8408,280.27,No Logo
8409,280.3,No Logo
8410,280.33,No Logo
8411,280.37,No Logo
8412,280.4,No Logo
8413,280.43,No Logo
8414,280.47,No Logo
8415,280.5,No Logo
8416,280.53,No Logo
8417,280.57,No Logo
8418,280.6,No Logo
8419,280.63,No Logo
8420,280.67,No Logo
8421,280.7,No Logo
8422,280.73,No Logo
8423,280.77,No Logo
8424,280.8,No Logo
8425,280.83,No Logo
8426,280.87,No Logo
8427,280.9,No Logo
8428,280.93,No Logo
8429,280.97,No Logo
8430,281.0,No Logo
8431,281.03,No Logo
8432,281.07,No Logo
8433,281.1,No Logo
8434,281.13,No Logo
8435,281.17,No Logo
8436,281.2,No Logo
8437,281.23,No Logo
8438,281.27,No Logo
8439,281.3,No Logo
8440,281.33,No Logo
8441,281.37,No Logo
8442,281.4,No Logo
8443,281.43,No Logo
8444,281.47,No Logo
8445,281.5,No Logo
8446,281.53,No Logo
8447,281.57,No Logo
8448,281.6,No Logo
8449,281.63,No Logo
8450,281.67,No Logo
8451,281.7,No Logo
8452,281.73,No Logo
8453,281.77,No Logo
8454,281.8,No Logo
8455,281.83,No Logo
8456,281.87,No Logo
8457,281.9,No Logo
8458,281.93,No Logo
8459,281.97,No Logo
8460,282.0,No Logo
8461,282.03,No Logo
8462,282.07,No Logo
8463,282.1,No Logo
8464,282.13,No Logo
8465,282.17,No Logo
8466,282.2,No Logo
8467,282.23,No Logo
8468,282.27,No Logo
8469,282.3,No Logo
8470,282.33,No Logo
8471,282.37,No Logo
8472,282.4,No Logo
8473,282.43,No Logo
8474,282.47,No Logo
8475,282.5,No Logo
8476,282.53,No Logo
8477,282.57,No Logo
8478,282.6,No Logo
8479,282.63,No Logo
8480,282.67,No Logo
8481,282.7,No Logo
8482,282.73,No Logo
8483,282.77,No Logo
8484,282.8,No Logo
8485,282.83,No Logo
8486,282.87,No Logo
8487,282.9,No Logo
8488,282.93,No Logo
8489,282.97,No Logo
8490,283.0,No Logo
8491,283.03,No Logo
8492,283.07,No Logo
8493,283.1,No Logo
8494,283.13,No Logo
8495,283.17,No Logo
8496,283.2,No Logo
8497,283.23,No Logo
8498,283.27,No Logo
8499,283.3,No Logo
8500,283.33,No Logo
8501,283.37,No Logo
8502,283.4,No Logo
8503,283.43,No Logo
8504,283.47,No Logo
8505,283.5,No Logo
8506,283.53,No Logo
8507,283.57,No Logo
8508,283.6,No Logo
8509,283.63,No Logo
8510,283.67,No Logo
8511,283.7,No Logo
8512,283.73,No Logo
8513,283.77,No Logo
8514,283.8,No Logo
8515,283.83,No Logo
8516,283.87,No Logo
8517,283.9,No Logo
8518,283.93,No Logo
8519,283.97,No Logo
8520,284.0,No Logo
8521,284.03,No Logo
8522,284.07,No Logo
8523,284.1,No Logo
8524,284.13,No Logo
8525,284.17,No Logo
8526,284.2,No Logo
8527,284.23,No Logo
8528,284.27,No Logo
8529,284.3,No Logo
8530,284.33,No Logo
8531,284.37,No Logo
8532,284.4,No Logo
8533,284.43,No Logo
8534,284.47,No Logo
8535,284.5,No Logo
8536,284.53,No Logo
8537,284.57,No Logo
8538,284.6,No Logo
8539,284.63,No Logo
8540,284.67,No Logo
8541,284.7,No Logo
8542,284.73,No Logo
8543,284.77,No Logo
8544,284.8,No Logo
8545,284.83,No Logo
8546,284.87,No Logo
8547,284.9,No Logo
8548,284.93,No Logo
8549,284.97,No Logo
8550,285.0,No Logo
8551,285.03,No Logo
8552,285.07,No Logo
8553,285.1,No Logo
8554,285.13,No Logo
8555,285.17,No Logo
8556,285.2,No Logo
8557,285.23,No Logo
8558,285.27,No Logo
8559,285.3,No Logo
8560,285.33,No Logo
8561,285.37,No Logo
8562,285.4,No Logo
8563,285.43,No Logo
8564,285.47,No Logo
8565,285.5,No Logo
8566,285.53,No Logo
8567,285.57,No Logo
8568,285.6,No Logo
8569,285.63,No Logo
8570,285.67,No Logo
8571,285.7,No Logo
8572,285.73,No Logo
8573,285.77,No Logo
8574,285.8,No Logo
8575,285.83,No Logo
8576,285.87,No Logo
8577,285.9,No Logo
8578,285.93,No Logo
8579,285.97,No Logo
8580,286.0,No Logo
8581,286.03,No Logo
8582,286.07,No Logo
8583,286.1,No Logo
8584,286.13,No Logo
8585,286.17,No Logo
8586,286.2,No Logo
8587,286.23,No Logo
8588,286.27,No Logo
8589,286.3,No Logo
8590,286.33,No Logo
8591,286.37,No Logo
8592,286.4,No Logo
8593,286.43,No Logo
8594,286.47,No Logo
8595,286.5,No Logo
8596,286.53,No Logo
8597,286.57,No Logo
8598,286.6,No Logo
8599,286.63,No Logo
8600,286.67,No Logo
8601,286.7,No Logo
8602,286.73,No Logo
8603,286.77,No Logo
8604,286.8,No Logo
8605,286.83,No Logo
8606,286.87,No Logo
8607,286.9,No Logo
8608,286.93,No Logo
8609,286.97,No Logo
8610,287.0,No Logo
8611,287.03,No Logo
8612,287.07,No Logo
8613,287.1,No Logo
8614,287.13,No Logo
8615,287.17,No Logo
8616,287.2,No Logo
8617,287.23,No Logo
8618,287.27,No Logo
8619,287.3,No Logo
8620,287.33,No Logo
8621,287.37,No Logo
8622,287.4,No Logo
8623,287.43,No Logo
8624,287.47,No Logo
8625,287.5,No Logo
8626,287.53,No Logo
8627,287.57,No Logo
8628,287.6,No Logo
8629,287.63,No Logo
8630,287.67,No Logo
8631,287.7,No Logo
8632,287.73,No Logo
8633,287.77,No Logo
8634,287.8,No Logo
8635,287.83,No Logo
8636,287.87,No Logo
8637,287.9,No Logo
8638,287.93,No Logo
8639,287.97,No Logo
8640,288.0,No Logo
8641,288.03,No Logo
8642,288.07,No Logo
8643,288.1,No Logo
8644,288.13,No Logo
8645,288.17,No Logo
8646,288.2,No Logo
8647,288.23,No Logo
8648,288.27,No Logo
8649,288.3,No Logo
8650,288.33,No Logo
8651,288.37,No Logo
8652,288.4,No Logo
8653,288.43,No Logo
8654,288.47,No Logo
8655,288.5,No Logo
8656,288.53,No Logo
8657,288.57,No Logo
8658,288.6,No Logo
8659,288.63,No Logo
8660,288.67,No Logo
8661,288.7,No Logo
8662,288.73,No Logo
8663,288.77,No Logo
8664,288.8,No Logo
8665,288.83,No Logo
8666,288.87,No Logo
8667,288.9,No Logo
8668,288.93,No Logo
8669,288.97,No Logo
8670,289.0,No Logo
8671,289.03,No Logo
8672,289.07,No Logo
8673,289.1,No Logo
8674,289.13,No Logo
8675,289.17,No Logo
8676,289.2,No Logo
8677,289.23,No Logo
8678,289.27,No Logo
8679,289.3,No Logo
8680,289.33,No Logo
8681,289.37,No Logo
8682,289.4,No Logo
8683,289.43,No Logo
8684,289.47,No Logo
8685,289.5,No Logo
8686,289.53,No Logo
8687,289.57,No Logo
8688,289.6,No Logo
8689,289.63,No Logo
8690,289.67,No Logo
8691,289.7,No Logo
8692,289.73,No Logo
8693,289.77,No Logo
8694,289.8,No Logo
8695,289.83,No Logo
8696,289.87,No Logo
8697,289.9,No Logo
8698,289.93,No Logo
8699,289.97,No Logo
8700,290.0,No Logo
8701,290.03,No Logo
8702,290.07,No Logo
8703,290.1,No Logo
8704,290.13,No Logo
8705,290.17,No Logo
8706,290.2,No Logo
8707,290.23,No Logo
8708,290.27,No Logo
8709,290.3,No Logo
8710,290.33,No Logo
8711,290.37,No Logo
8712,290.4,No Logo
8713,290.43,No Logo
8714,290.47,No Logo
8715,290.5,No Logo
8716,290.53,No Logo
8717,290.57,No Logo
8718,290.6,No Logo
8719,290.63,No Logo
8720,290.67,No Logo
8721,290.7,No Logo
8722,290.73,No Logo
8723,290.77,No Logo
8724,290.8,No Logo
8725,290.83,No Logo
8726,290.87,No Logo
8727,290.9,No Logo
8728,290.93,No Logo
8729,290.97,No Logo
8730,291.0,No Logo
8731,291.03,No Logo
8732,291.07,No Logo
8733,291.1,No Logo
8734,291.13,No Logo
8735,291.17,No Logo
8736,291.2,No Logo
8737,291.23,No Logo
8738,291.27,No Logo
8739,291.3,No Logo
8740,291.33,No Logo
8741,291.37,No Logo
8742,291.4,No Logo
8743,291.43,No Logo
8744,291.47,No Logo
8745,291.5,No Logo
8746,291.53,No Logo
8747,291.57,No Logo
8748,291.6,No Logo
8749,291.63,No Logo
8750,291.67,No Logo
8751,291.7,Partially Visible
8752,291.73,No Logo
8753,291.77,No Logo
8754,291.8,Partially Visible
8755,291.83,Partially Visible
8756,291.87,No Logo
8757,291.9,No Logo
8758,291.93,No Logo
8759,291.97,No Logo
8760,292.0,No Logo
8761,292.03,No Logo
8762,292.07,No Logo
8763,292.1,No Logo
8764,292.13,No Logo
8765,292.17,No Logo
8766,292.2,No Logo
8767,292.23,No Logo
8768,292.27,No Logo
8769,292.3,No Logo
8770,292.33,No Logo
8771,292.37,No Logo
8772,292.4,No Logo
8773,292.43,No Logo
8774,292.47,No Logo
8775,292.5,No Logo
8776,292.53,No Logo
8777,292.57,No Logo
8778,292.6,No Logo
8779,292.63,No Logo
8780,292.67,No Logo
8781,292.7,No Logo
8782,292.73,No Logo
8783,292.77,No Logo
8784,292.8,No Logo
8785,292.83,No Logo
8786,292.87,No Logo
8787,292.9,No Logo
8788,292.93,No Logo
8789,292.97,No Logo
8790,293.0,No Logo
8791,293.03,No Logo
8792,293.07,No Logo
8793,293.1,No Logo
8794,293.13,No Logo
8795,293.17,No Logo
8796,293.2,Fully Visible
8797,293.23,Fully Visible
8798,293.27,No Logo
8799,293.3,No Logo
8800,293.33,No Logo
8801,293.37,No Logo
8802,293.4,No Logo
8803,293.43,No Logo
8804,293.47,No Logo
8805,293.5,No Logo
8806,293.53,No Logo
8807,293.57,No Logo
8808,293.6,No Logo
8809,293.63,No Logo
8810,293.67,No Logo
8811,293.7,No Logo
8812,293.73,No Logo
8813,293.77,No Logo
8814,293.8,No Logo
8815,293.83,No Logo
8816,293.87,No Logo
8817,293.9,No Logo
8818,293.93,No Logo
8819,293.97,No Logo
8820,294.0,No Logo
8821,294.03,No Logo
8822,294.07,No Logo
8823,294.1,No Logo
8824,294.13,No Logo
8825,294.17,No Logo
8826,294.2,No Logo
8827,294.23,No Logo
8828,294.27,No Logo
8829,294.3,No Logo
8830,294.33,No Logo
8831,294.37,No Logo
8832,294.4,No Logo
8833,294.43,No Logo
8834,294.47,No Logo
8835,294.5,No Logo
8836,294.53,No Logo
8837,294.57,No Logo
8838,294.6,No Logo
8839,294.63,No Logo
8840,294.67,No Logo
8841,294.7,No Logo
8842,294.73,No Logo
8843,294.77,No Logo
8844,294.8,No Logo
8845,294.83,No Logo
8846,294.87,No Logo
8847,294.9,No Logo
8848,294.93,No Logo
8849,294.97,No Logo
8850,295.0,No Logo
8851,295.03,No Logo
8852,295.07,No Logo
8853,295.1,No Logo
8854,295.13,No Logo
8855,295.17,No Logo
8856,295.2,No Logo
8857,295.23,No Logo
8858,295.27,No Logo
8859,295.3,No Logo
8860,295.33,Fully Visible
8861,295.37,Fully Visible
8862,295.4,Fully Visible
8863,295.43,Fully Visible
8864,295.47,Fully Visible
8865,295.5,Fully Visible
8866,295.53,Fully Visible
8867,295.57,Fully Visible
8868,295.6,Fully Visible
8869,295.63,Fully Visible
8870,295.67,Fully Visible
8871,295.7,Fully Visible
8872,295.73,Fully Visible
8873,295.77,Fully Visible
8874,295.8,Fully Visible
8875,295.83,Fully Visible
8876,295.87,Fully Visible
8877,295.9,Fully Visible
8878,295.93,Fully Visible
8879,295.97,Fully Visible
8880,296.0,Fully Visible
8881,296.03,Fully Visible
8882,296.07,Fully Visible
8883,296.1,Fully Visible
8884,296.13,Fully Visible
8885,296.17,Fully Visible
8886,296.2,No Logo
8887,296.23,No Logo
8888,296.27,No Logo
8889,296.3,No Logo
8890,296.33,No Logo
8891,296.37,No Logo
8892,296.4,No Logo
8893,296.43,No Logo
8894,296.47,No Logo
8895,296.5,No Logo
8896,296.53,No Logo
8897,296.57,No Logo
8898,296.6,No Logo
8899,296.63,No Logo
8900,296.67,No Logo
8901,296.7,No Logo
8902,296.73,No Logo
8903,296.77,No Logo
8904,296.8,No Logo
8905,296.83,No Logo
8906,296.87,No Logo
8907,296.9,No Logo
8908,296.93,No Logo
8909,296.97,No Logo
8910,297.0,No Logo
8911,297.03,No Logo
8912,297.07,No Logo
8913,297.1,No Logo
8914,297.13,No Logo
8915,297.17,No Logo
8916,297.2,No Logo
8917,297.23,No Logo
8918,297.27,No Logo
8919,297.3,No Logo
8920,297.33,No Logo
8921,297.37,No Logo
8922,297.4,No Logo
8923,297.43,No Logo
8924,297.47,No Logo
8925,297.5,No Logo
8926,297.53,No Logo
8927,297.57,No Logo
8928,297.6,No Logo
8929,297.63,No Logo
8930,297.67,No Logo
8931,297.7,No Logo
8932,297.73,No Logo
8933,297.77,No Logo
8934,297.8,No Logo
8935,297.83,No Logo
8936,297.87,No Logo
8937,297.9,No Logo
8938,297.93,No Logo
8939,297.97,No Logo
8940,298.0,No Logo
8941,298.03,No Logo
8942,298.07,No Logo
8943,298.1,No Logo
8944,298.13,No Logo
8945,298.17,No Logo
8946,298.2,No Logo
8947,298.23,No Logo
8948,298.27,No Logo
8949,298.3,No Logo
8950,298.33,No Logo
8951,298.37,No Logo
8952,298.4,No Logo
8953,298.43,No Logo
8954,298.47,No Logo
8955,298.5,No Logo
8956,298.53,No Logo
8957,298.57,No Logo
8958,298.6,No Logo
8959,298.63,No Logo
8960,298.67,No Logo
8961,298.7,No Logo
8962,298.73,No Logo
8963,298.77,No Logo
8964,298.8,No Logo
8965,298.83,No Logo
8966,298.87,No Logo
8967,298.9,No Logo
8968,298.93,No Logo
8969,298.97,No Logo
8970,299.0,No Logo
8971,299.03,No Logo
8972,299.07,No Logo
8973,299.1,No Logo
8974,299.13,No Logo
8975,299.17,No Logo
8976,299.2,No Logo
8977,299.23,No Logo
8978,299.27,No Logo
8979,299.3,No Logo
8980,299.33,No Logo
8981,299.37,No Logo
8982,299.4,No Logo
8983,299.43,No Logo
8984,299.47,No Logo
8985,299.5,No Logo
8986,299.53,No Logo
8987,299.57,No Logo
8988,299.6,No Logo
8989,299.63,No Logo
8990,299.67,No Logo
8991,299.7,No Logo
8992,299.73,No Logo
8993,299.77,No Logo
8994,299.8,No Logo
8995,299.83,No Logo
8996,299.87,No Logo
8997,299.9,No Logo
8998,299.93,No Logo
8999,299.97,No Logo
9000,300.0,No Logo
9001,300.03,No Logo
9002,300.07,No Logo
9003,300.1,No Logo
9004,300.13,No Logo
9005,300.17,No Logo
9006,300.2,No Logo
9007,300.23,No Logo
9008,300.27,No Logo
9009,300.3,No Logo
9010,300.33,No Logo
9011,300.37,No Logo
9012,300.4,No Logo
9013,300.43,No Logo
9014,300.47,No Logo
9015,300.5,No Logo
9016,300.53,No Logo
9017,300.57,No Logo
9018,300.6,No Logo
9019,300.63,No Logo
9020,300.67,No Logo
9021,300.7,No Logo
9022,300.73,No Logo
9023,300.77,No Logo
9024,300.8,No Logo
9025,300.83,No Logo
9026,300.87,No Logo
9027,300.9,No Logo
9028,300.93,No Logo
9029,300.97,No Logo
9030,301.0,No Logo
9031,301.03,No Logo
9032,301.07,No Logo
9033,301.1,No Logo
9034,301.13,No Logo
9035,301.17,No Logo
9036,301.2,No Logo
9037,301.23,No Logo
9038,301.27,No Logo
9039,301.3,No Logo
9040,301.33,No Logo
9041,301.37,No Logo
9042,301.4,No Logo
9043,301.43,No Logo
9044,301.47,No Logo
9045,301.5,No Logo
9046,301.53,No Logo
9047,301.57,No Logo
9048,301.6,No Logo
9049,301.63,No Logo
9050,301.67,No Logo
9051,301.7,No Logo
9052,301.73,No Logo
9053,301.77,No Logo
9054,301.8,No Logo
9055,301.83,No Logo
9056,301.87,No Logo
9057,301.9,No Logo
9058,301.93,No Logo
9059,301.97,No Logo
9060,302.0,No Logo
9061,302.03,No Logo
9062,302.07,No Logo
9063,302.1,No Logo
9064,302.13,No Logo
9065,302.17,No Logo
9066,302.2,No Logo
9067,302.23,No Logo
9068,302.27,No Logo
9069,302.3,No Logo
9070,302.33,No Logo
9071,302.37,No Logo
9072,302.4,No Logo
9073,302.43,No Logo
9074,302.47,No Logo
9075,302.5,No Logo
9076,302.53,No Logo
9077,302.57,No Logo
9078,302.6,No Logo
9079,302.63,No Logo
9080,302.67,No Logo
9081,302.7,No Logo
9082,302.73,No Logo
9083,302.77,Fully Visible
9084,302.8,No Logo
9085,302.83,No Logo
9086,302.87,Partially Visible
9087,302.9,Partially Visible
9088,302.93,Partially Visible
9089,302.97,No Logo
9090,303.0,No Logo
9091,303.03,No Logo
9092,303.07,Partially Visible
9093,303.1,No Logo
9094,303.13,No Logo
9095,303.17,No Logo
9096,303.2,No Logo
9097,303.23,No Logo
9098,303.27,No Logo
9099,303.3,No Logo
9100,303.33,Partially Visible
9101,303.37,No Logo
9102,303.4,No Logo
9103,303.43,No Logo
9104,303.47,No Logo
9105,303.5,No Logo
9106,303.53,No Logo
9107,303.57,No Logo
9108,303.6,No Logo
9109,303.63,No Logo
9110,303.67,No Logo
9111,303.7,No Logo
9112,303.73,No Logo
9113,303.77,No Logo
9114,303.8,Partially Visible
9115,303.83,Partially Visible
9116,303.87,Fully Visible
9117,303.9,No Logo
9118,303.93,No Logo
9119,303.97,No Logo
9120,304.0,No Logo
9121,304.03,No Logo
9122,304.07,No Logo
9123,304.1,No Logo
9124,304.13,No Logo
9125,304.17,No Logo
9126,304.2,No Logo
9127,304.23,No Logo
9128,304.27,No Logo
9129,304.3,No Logo
9130,304.33,No Logo
9131,304.37,No Logo
9132,304.4,No Logo
9133,304.43,No Logo
9134,304.47,No Logo
9135,304.5,No Logo
9136,304.53,No Logo
9137,304.57,No Logo
9138,304.6,No Logo
9139,304.63,No Logo
9140,304.67,No Logo
9141,304.7,No Logo
9142,304.73,No Logo
9143,304.77,No Logo
9144,304.8,No Logo
9145,304.83,No Logo
9146,304.87,No Logo
9147,304.9,No Logo
9148,304.93,Partially Visible
9149,304.97,No Logo
9150,305.0,No Logo
9151,305.03,No Logo
9152,305.07,Partially Visible
9153,305.1,Partially Visible
9154,305.13,No Logo
9155,305.17,Partially Visible
9156,305.2,No Logo
9157,305.23,No Logo
9158,305.27,No Logo
9159,305.3,Partially Visible
9160,305.33,No Logo
9161,305.37,Partially Visible
9162,305.4,Partially Visible
9163,305.43,Partially Visible
9164,305.47,No Logo
9165,305.5,Partially Visible
9166,305.53,Partially Visible
9167,305.57,Partially Visible
9168,305.6,No Logo
9169,305.63,No Logo
9170,305.67,Fully Visible
9171,305.7,Fully Visible
9172,305.73,Fully Visible
9173,305.77,Fully Visible
9174,305.8,Fully Visible
9175,305.83,Fully Visible
9176,305.87,Fully Visible
9177,305.9,Fully Visible
9178,305.93,Fully Visible
9179,305.97,Fully Visible
9180,306.0,Fully Visible
9181,306.03,Fully Visible
9182,306.07,Fully Visible
9183,306.1,Fully Visible
9184,306.13,Fully Visible
9185,306.17,Fully Visible
9186,306.2,Fully Visible
9187,306.23,Fully Visible
9188,306.27,No Logo
9189,306.3,Fully Visible
9190,306.33,Fully Visible
9191,306.37,Fully Visible
9192,306.4,No Logo
9193,306.43,No Logo
9194,306.47,No Logo
9195,306.5,No Logo
9196,306.53,No Logo
9197,306.57,Fully Visible
9198,306.6,Fully Visible
9199,306.63,Fully Visible
9200,306.67,Fully Visible
9201,306.7,Fully Visible
9202,306.73,Fully Visible
9203,306.77,Fully Visible
9204,306.8,Fully Visible
9205,306.83,Fully Visible
9206,306.87,No Logo
9207,306.9,No Logo
9208,306.93,Fully Visible
9209,306.97,No Logo
9210,307.0,No Logo
9211,307.03,No Logo
9212,307.07,No Logo
9213,307.1,No Logo
9214,307.13,No Logo
9215,307.17,No Logo
9216,307.2,No Logo
9217,307.23,No Logo
9218,307.27,No Logo
9219,307.3,No Logo
9220,307.33,No Logo
9221,307.37,No Logo
9222,307.4,No Logo
9223,307.43,No Logo
9224,307.47,No Logo
9225,307.5,No Logo
9226,307.53,No Logo
9227,307.57,No Logo
9228,307.6,No Logo
9229,307.63,No Logo
9230,307.67,No Logo
9231,307.7,No Logo
9232,307.73,No Logo
9233,307.77,No Logo
9234,307.8,No Logo
9235,307.83,No Logo
9236,307.87,No Logo
9237,307.9,No Logo
9238,307.93,No Logo
9239,307.97,No Logo
9240,308.0,No Logo
9241,308.03,No Logo
9242,308.07,No Logo
9243,308.1,No Logo
9244,308.13,No Logo
9245,308.17,No Logo
9246,308.2,No Logo
9247,308.23,No Logo
9248,308.27,No Logo
9249,308.3,No Logo
9250,308.33,No Logo
9251,308.37,No Logo
9252,308.4,No Logo
9253,308.43,No Logo
9254,308.47,No Logo
9255,308.5,No Logo
9256,308.53,No Logo
9257,308.57,No Logo
9258,308.6,No Logo
9259,308.63,No Logo
9260,308.67,No Logo
9261,308.7,No Logo
9262,308.73,No Logo
9263,308.77,No Logo
9264,308.8,No Logo
9265,308.83,No Logo
9266,308.87,No Logo
9267,308.9,No Logo
9268,308.93,No Logo
9269,308.97,No Logo
9270,309.0,No Logo
9271,309.03,No Logo
9272,309.07,No Logo
9273,309.1,No Logo
9274,309.13,No Logo
9275,309.17,No Logo
9276,309.2,No Logo
9277,309.23,No Logo
9278,309.27,No Logo
9279,309.3,No Logo
9280,309.33,No Logo
9281,309.37,No Logo
9282,309.4,No Logo
9283,309.43,No Logo
9284,309.47,No Logo
9285,309.5,No Logo
9286,309.53,No Logo
9287,309.57,No Logo
9288,309.6,No Logo
9289,309.63,No Logo
9290,309.67,No Logo
9291,309.7,No Logo
9292,309.73,No Logo
9293,309.77,No Logo
9294,309.8,No Logo
9295,309.83,No Logo
9296,309.87,No Logo
9297,309.9,No Logo
9298,309.93,No Logo
9299,309.97,No Logo
9300,310.0,No Logo
9301,310.03,No Logo
9302,310.07,No Logo
9303,310.1,No Logo
9304,310.13,No Logo
9305,310.17,No Logo
9306,310.2,No Logo
9307,310.23,No Logo
9308,310.27,Fully Visible
9309,310.3,Fully Visible
9310,310.33,Fully Visible
9311,310.37,Fully Visible
9312,310.4,Fully Visible
9313,310.43,Fully Visible
9314,310.47,Fully Visible
9315,310.5,Fully Visible
9316,310.53,Fully Visible
9317,310.57,Fully Visible
9318,310.6,Fully Visible
9319,310.63,Fully Visible
9320,310.67,Fully Visible
9321,310.7,Fully Visible
9322,310.73,Fully Visible
9323,310.77,Fully Visible
9324,310.8,Fully Visible
9325,310.83,Fully Visible
9326,310.87,Fully Visible
9327,310.9,Fully Visible
9328,310.93,Fully Visible
9329,310.97,Fully Visible
9330,311.0,Fully Visible
9331,311.03,Fully Visible
9332,311.07,No Logo
9333,311.1,Fully Visible
9334,311.13,Fully Visible
9335,311.17,Fully Visible
9336,311.2,Fully Visible
9337,311.23,Fully Visible
9338,311.27,No Logo
9339,311.3,Fully Visible
9340,311.33,Fully Visible
9341,311.37,No Logo
9342,311.4,No Logo
9343,311.43,No Logo
9344,311.47,Fully Visible
9345,311.5,No Logo
9346,311.53,No Logo
9347,311.57,No Logo
9348,311.6,No Logo
9349,311.63,No Logo
9350,311.67,No Logo
9351,311.7,No Logo
9352,311.73,No Logo
9353,311.77,No Logo
9354,311.8,No Logo
9355,311.83,No Logo
9356,311.87,No Logo
9357,311.9,No Logo
9358,311.93,No Logo
9359,311.97,No Logo
9360,312.0,No Logo
9361,312.03,No Logo
9362,312.07,No Logo
9363,312.1,No Logo
9364,312.13,No Logo
9365,312.17,No Logo
9366,312.2,No Logo
9367,312.23,No Logo
9368,312.27,No Logo
9369,312.3,No Logo
9370,312.33,No Logo
9371,312.37,No Logo
9372,312.4,No Logo
9373,312.43,No Logo
9374,312.47,No Logo
9375,312.5,No Logo
9376,312.53,No Logo
9377,312.57,No Logo
9378,312.6,No Logo
9379,312.63,No Logo
9380,312.67,No Logo
9381,312.7,No Logo
9382,312.73,No Logo
9383,312.77,No Logo
9384,312.8,No Logo
9385,312.83,No Logo
9386,312.87,No Logo
9387,312.9,No Logo
9388,312.93,No Logo
9389,312.97,No Logo
9390,313.0,No Logo
9391,313.03,No Logo
9392,313.07,No Logo
9393,313.1,No Logo
9394,313.13,No Logo
9395,313.17,No Logo
9396,313.2,No Logo
9397,313.23,No Logo
9398,313.27,No Logo
9399,313.3,No Logo
9400,313.33,No Logo
9401,313.37,No Logo
9402,313.4,No Logo
9403,313.43,No Logo
9404,313.47,No Logo
9405,313.5,No Logo
9406,313.53,No Logo
9407,313.57,No Logo
9408,313.6,No Logo
9409,313.63,No Logo
9410,313.67,No Logo
9411,313.7,No Logo
9412,313.73,No Logo
9413,313.77,No Logo
9414,313.8,No Logo
9415,313.83,No Logo
9416,313.87,No Logo
9417,313.9,No Logo
9418,313.93,No Logo
9419,313.97,No Logo
9420,314.0,No Logo
9421,314.03,No Logo
9422,314.07,No Logo
9423,314.1,No Logo
9424,314.13,No Logo
9425,314.17,No Logo
9426,314.2,No Logo
9427,314.23,No Logo
9428,314.27,No Logo
9429,314.3,No Logo
9430,314.33,No Logo
9431,314.37,No Logo
9432,314.4,No Logo
9433,314.43,No Logo
9434,314.47,No Logo
9435,314.5,No Logo
9436,314.53,No Logo
9437,314.57,No Logo
9438,314.6,No Logo
9439,314.63,No Logo
9440,314.67,No Logo
9441,314.7,No Logo
9442,314.73,No Logo
9443,314.77,No Logo
9444,314.8,No Logo
9445,314.83,No Logo
9446,314.87,No Logo
9447,314.9,No Logo
9448,314.93,No Logo
9449,314.97,No Logo
9450,315.0,No Logo
9451,315.03,No Logo
9452,315.07,No Logo
9453,315.1,No Logo
9454,315.13,No Logo
9455,315.17,No Logo
9456,315.2,No Logo
9457,315.23,No Logo
9458,315.27,No Logo
9459,315.3,No Logo
9460,315.33,No Logo
9461,315.37,No Logo
9462,315.4,No Logo
9463,315.43,No Logo
9464,315.47,No Logo
9465,315.5,No Logo
9466,315.53,No Logo
9467,315.57,No Logo
9468,315.6,No Logo
9469,315.63,No Logo
9470,315.67,No Logo
9471,315.7,No Logo
9472,315.73,No Logo
9473,315.77,No Logo
9474,315.8,No Logo
9475,315.83,No Logo
9476,315.87,No Logo
9477,315.9,No Logo
9478,315.93,No Logo
9479,315.97,No Logo
9480,316.0,No Logo
9481,316.03,No Logo
9482,316.07,No Logo
9483,316.1,No Logo
9484,316.13,No Logo
9485,316.17,No Logo
9486,316.2,No Logo
9487,316.23,No Logo
9488,316.27,No Logo
9489,316.3,No Logo
9490,316.33,No Logo
9491,316.37,No Logo
9492,316.4,No Logo
9493,316.43,No Logo
9494,316.47,No Logo
9495,316.5,No Logo
9496,316.53,No Logo
9497,316.57,No Logo
9498,316.6,No Logo
9499,316.63,No Logo
9500,316.67,No Logo
9501,316.7,No Logo
9502,316.73,No Logo
9503,316.77,No Logo
9504,316.8,No Logo
9505,316.83,No Logo
9506,316.87,No Logo
9507,316.9,No Logo
9508,316.93,No Logo
9509,316.97,No Logo
9510,317.0,No Logo
9511,317.03,No Logo
9512,317.07,No Logo
9513,317.1,No Logo
9514,317.13,No Logo
9515,317.17,No Logo
9516,317.2,No Logo
9517,317.23,No Logo
9518,317.27,No Logo
9519,317.3,No Logo
9520,317.33,No Logo
9521,317.37,No Logo
9522,317.4,No Logo
9523,317.43,No Logo
9524,317.47,No Logo
9525,317.5,No Logo
9526,317.53,No Logo
9527,317.57,No Logo
9528,317.6,No Logo
9529,317.63,No Logo
9530,317.67,No Logo
9531,317.7,No Logo
9532,317.73,No Logo
9533,317.77,No Logo
9534,317.8,No Logo
9535,317.83,No Logo
9536,317.87,No Logo
9537,317.9,No Logo
9538,317.93,No Logo
9539,317.97,No Logo
9540,318.0,No Logo
9541,318.03,No Logo
9542,318.07,No Logo
9543,318.1,No Logo
9544,318.13,No Logo
9545,318.17,No Logo
9546,318.2,No Logo
9547,318.23,No Logo
9548,318.27,No Logo
9549,318.3,No Logo
9550,318.33,No Logo
9551,318.37,No Logo
9552,318.4,No Logo
9553,318.43,No Logo
9554,318.47,No Logo
9555,318.5,No Logo
9556,318.53,No Logo
9557,318.57,No Logo
9558,318.6,No Logo
9559,318.63,No Logo
9560,318.67,No Logo
9561,318.7,No Logo
9562,318.73,No Logo
9563,318.77,No Logo
9564,318.8,No Logo
9565,318.83,No Logo
9566,318.87,No Logo
9567,318.9,No Logo
9568,318.93,No Logo
9569,318.97,No Logo
9570,319.0,No Logo
9571,319.03,No Logo
9572,319.07,No Logo
9573,319.1,No Logo
9574,319.13,No Logo
9575,319.17,No Logo
9576,319.2,No Logo
9577,319.23,No Logo
9578,319.27,No Logo
9579,319.3,No Logo
9580,319.33,No Logo
9581,319.37,No Logo
9582,319.4,No Logo
9583,319.43,No Logo
9584,319.47,No Logo
9585,319.5,No Logo
9586,319.53,No Logo
9587,319.57,No Logo
9588,319.6,No Logo
9589,319.63,No Logo
9590,319.67,No Logo
9591,319.7,No Logo
9592,319.73,No Logo
9593,319.77,No Logo
9594,319.8,No Logo
9595,319.83,No Logo
9596,319.87,No Logo
9597,319.9,No Logo
9598,319.93,No Logo
9599,319.97,No Logo
9600,320.0,No Logo
9601,320.03,No Logo
9602,320.07,No Logo
9603,320.1,No Logo
9604,320.13,No Logo
9605,320.17,No Logo
9606,320.2,No Logo
9607,320.23,No Logo
9608,320.27,No Logo
9609,320.3,No Logo
9610,320.33,No Logo
9611,320.37,No Logo
9612,320.4,No Logo
9613,320.43,No Logo
9614,320.47,No Logo
9615,320.5,No Logo
9616,320.53,No Logo
9617,320.57,No Logo
9618,320.6,No Logo
9619,320.63,No Logo
9620,320.67,No Logo
9621,320.7,No Logo
9622,320.73,No Logo
9623,320.77,No Logo
9624,320.8,No Logo
9625,320.83,No Logo
9626,320.87,No Logo
9627,320.9,No Logo
9628,320.93,No Logo
9629,320.97,No Logo
9630,321.0,No Logo
9631,321.03,No Logo
9632,321.07,No Logo
9633,321.1,No Logo
9634,321.13,No Logo
9635,321.17,No Logo
9636,321.2,No Logo
9637,321.23,No Logo
9638,321.27,No Logo
9639,321.3,No Logo
9640,321.33,No Logo
9641,321.37,No Logo
9642,321.4,No Logo
9643,321.43,No Logo
9644,321.47,No Logo
9645,321.5,No Logo
9646,321.53,No Logo
9647,321.57,No Logo
9648,321.6,No Logo
9649,321.63,No Logo
9650,321.67,No Logo
9651,321.7,No Logo
9652,321.73,No Logo
9653,321.77,No Logo
9654,321.8,Fully Visible
9655,321.83,Fully Visible
9656,321.87,Fully Visible
9657,321.9,Fully Visible
9658,321.93,Fully Visible
9659,321.97,Fully Visible
9660,322.0,Fully Visible
9661,322.03,Fully Visible
9662,322.07,Fully Visible
9663,322.1,Fully Visible
9664,322.13,No Logo
9665,322.17,No Logo
9666,322.2,No Logo
9667,322.23,No Logo
9668,322.27,No Logo
9669,322.3,No Logo
9670,322.33,No Logo
9671,322.37,No Logo
9672,322.4,No Logo
9673,322.43,No Logo
9674,322.47,No Logo
9675,322.5,No Logo
9676,322.53,No Logo
9677,322.57,No Logo
9678,322.6,No Logo
9679,322.63,No Logo
9680,322.67,No Logo
9681,322.7,No Logo
9682,322.73,No Logo
9683,322.77,No Logo
9684,322.8,No Logo
9685,322.83,No Logo
9686,322.87,No Logo
9687,322.9,No Logo
9688,322.93,No Logo
9689,322.97,No Logo
9690,323.0,No Logo
9691,323.03,No Logo
9692,323.07,No Logo
9693,323.1,No Logo
9694,323.13,No Logo
9695,323.17,No Logo
9696,323.2,No Logo
9697,323.23,No Logo
9698,323.27,No Logo
9699,323.3,No Logo
9700,323.33,No Logo
9701,323.37,No Logo
9702,323.4,No Logo
9703,323.43,No Logo
9704,323.47,No Logo
9705,323.5,No Logo
9706,323.53,No Logo
9707,323.57,No Logo
9708,323.6,No Logo
9709,323.63,No Logo
9710,323.67,No Logo
9711,323.7,No Logo
9712,323.73,No Logo
9713,323.77,No Logo
9714,323.8,No Logo
9715,323.83,No Logo
9716,323.87,No Logo
9717,323.9,No Logo
9718,323.93,No Logo
9719,323.97,No Logo
9720,324.0,No Logo
9721,324.03,No Logo
9722,324.07,No Logo
9723,324.1,No Logo
9724,324.13,No Logo
9725,324.17,No Logo
9726,324.2,No Logo
9727,324.23,No Logo
9728,324.27,No Logo
9729,324.3,No Logo
9730,324.33,No Logo
9731,324.37,No Logo
9732,324.4,No Logo
9733,324.43,No Logo
9734,324.47,No Logo
9735,324.5,No Logo
9736,324.53,No Logo
9737,324.57,No Logo
9738,324.6,No Logo
9739,324.63,No Logo
9740,324.67,No Logo
9741,324.7,No Logo
9742,324.73,No Logo
9743,324.77,No Logo
9744,324.8,No Logo
9745,324.83,No Logo
9746,324.87,No Logo
9747,324.9,No Logo
9748,324.93,No Logo
9749,324.97,No Logo
9750,325.0,No Logo
9751,325.03,No Logo
9752,325.07,No Logo
9753,325.1,No Logo
9754,325.13,No Logo
9755,325.17,No Logo
9756,325.2,No Logo
9757,325.23,No Logo
9758,325.27,No Logo
9759,325.3,No Logo
9760,325.33,No Logo
9761,325.37,No Logo
9762,325.4,No Logo
9763,325.43,No Logo
9764,325.47,No Logo
9765,325.5,No Logo
9766,325.53,No Logo
9767,325.57,No Logo
9768,325.6,No Logo
9769,325.63,No Logo
9770,325.67,No Logo
9771,325.7,No Logo
9772,325.73,No Logo
9773,325.77,No Logo
9774,325.8,No Logo
9775,325.83,No Logo
9776,325.87,No Logo
9777,325.9,No Logo
9778,325.93,No Logo
9779,325.97,No Logo
9780,326.0,No Logo
9781,326.03,No Logo
9782,326.07,No Logo
9783,326.1,No Logo
9784,326.13,No Logo
9785,326.17,No Logo
9786,326.2,No Logo
9787,326.23,No Logo
9788,326.27,No Logo
9789,326.3,No Logo
9790,326.33,No Logo
9791,326.37,No Logo
9792,326.4,No Logo
9793,326.43,No Logo
9794,326.47,No Logo
9795,326.5,No Logo
9796,326.53,No Logo
9797,326.57,No Logo
9798,326.6,No Logo
9799,326.63,No Logo
9800,326.67,No Logo
9801,326.7,No Logo
9802,326.73,No Logo
9803,326.77,No Logo
9804,326.8,No Logo
9805,326.83,No Logo
9806,326.87,No Logo
9807,326.9,No Logo
9808,326.93,No Logo
9809,326.97,No Logo
9810,327.0,No Logo
9811,327.03,No Logo
9812,327.07,No Logo
9813,327.1,No Logo
9814,327.13,No Logo
9815,327.17,No Logo
9816,327.2,No Logo
9817,327.23,No Logo
9818,327.27,No Logo
9819,327.3,No Logo
9820,327.33,No Logo
9821,327.37,No Logo
9822,327.4,No Logo
9823,327.43,No Logo
9824,327.47,No Logo
9825,327.5,No Logo
9826,327.53,No Logo
9827,327.57,No Logo
9828,327.6,No Logo
9829,327.63,No Logo
9830,327.67,No Logo
9831,327.7,No Logo
9832,327.73,No Logo
9833,327.77,No Logo
9834,327.8,No Logo
9835,327.83,No Logo
9836,327.87,No Logo
9837,327.9,No Logo
9838,327.93,No Logo
9839,327.97,No Logo
9840,328.0,No Logo
9841,328.03,No Logo
9842,328.07,No Logo
9843,328.1,No Logo
9844,328.13,No Logo
9845,328.17,No Logo
9846,328.2,No Logo
9847,328.23,No Logo
9848,328.27,No Logo
9849,328.3,No Logo
9850,328.33,No Logo
9851,328.37,No Logo
9852,328.4,No Logo
9853,328.43,No Logo
9854,328.47,No Logo
9855,328.5,No Logo
9856,328.53,No Logo
9857,328.57,No Logo
9858,328.6,No Logo
9859,328.63,No Logo
9860,328.67,No Logo
9861,328.7,No Logo
9862,328.73,No Logo
9863,328.77,No Logo
9864,328.8,No Logo
9865,328.83,No Logo
9866,328.87,No Logo
9867,328.9,No Logo
9868,328.93,No Logo
9869,328.97,No Logo
9870,329.0,No Logo
9871,329.03,No Logo
9872,329.07,No Logo
9873,329.1,No Logo
9874,329.13,No Logo
9875,329.17,No Logo
9876,329.2,No Logo
9877,329.23,No Logo
9878,329.27,No Logo
9879,329.3,No Logo
9880,329.33,No Logo
9881,329.37,No Logo
9882,329.4,No Logo
9883,329.43,No Logo
9884,329.47,No Logo
9885,329.5,No Logo
9886,329.53,No Logo
9887,329.57,No Logo
9888,329.6,No Logo
9889,329.63,No Logo
9890,329.67,No Logo
9891,329.7,No Logo
9892,329.73,No Logo
9893,329.77,No Logo
9894,329.8,No Logo
9895,329.83,No Logo
9896,329.87,No Logo
9897,329.9,No Logo
9898,329.93,No Logo
9899,329.97,No Logo
9900,330.0,No Logo
9901,330.03,No Logo
9902,330.07,No Logo
9903,330.1,No Logo
9904,330.13,No Logo
9905,330.17,No Logo
9906,330.2,No Logo
9907,330.23,No Logo
9908,330.27,No Logo
9909,330.3,No Logo
9910,330.33,No Logo
9911,330.37,No Logo
9912,330.4,No Logo
9913,330.43,No Logo
9914,330.47,No Logo
9915,330.5,No Logo
9916,330.53,No Logo
9917,330.57,No Logo
9918,330.6,No Logo
9919,330.63,No Logo
9920,330.67,No Logo
9921,330.7,No Logo
9922,330.73,No Logo
9923,330.77,No Logo
9924,330.8,No Logo
9925,330.83,No Logo
9926,330.87,No Logo
9927,330.9,No Logo
9928,330.93,No Logo
9929,330.97,No Logo
9930,331.0,No Logo
9931,331.03,No Logo
9932,331.07,No Logo
9933,331.1,No Logo
9934,331.13,No Logo
9935,331.17,No Logo
9936,331.2,No Logo
9937,331.23,No Logo
9938,331.27,No Logo
9939,331.3,No Logo
9940,331.33,No Logo
9941,331.37,No Logo
9942,331.4,No Logo
9943,331.43,No Logo
9944,331.47,No Logo
9945,331.5,No Logo
9946,331.53,No Logo
9947,331.57,No Logo
9948,331.6,No Logo
9949,331.63,No Logo
9950,331.67,No Logo
9951,331.7,No Logo
9952,331.73,No Logo
9953,331.77,No Logo
9954,331.8,Fully Visible
9955,331.83,Fully Visible
9956,331.87,Fully Visible
9957,331.9,Fully Visible
9958,331.93,Fully Visible
9959,331.97,Fully Visible
9960,332.0,Fully Visible
9961,332.03,Fully Visible
9962,332.07,Fully Visible
9963,332.1,Fully Visible
9964,332.13,Fully Visible
9965,332.17,Fully Visible
9966,332.2,Fully Visible
9967,332.23,Fully Visible
9968,332.27,Fully Visible
9969,332.3,Fully Visible
9970,332.33,Fully Visible
9971,332.37,Fully Visible
9972,332.4,Fully Visible
9973,332.43,Fully Visible
9974,332.47,Fully Visible
9975,332.5,Fully Visible
9976,332.53,Fully Visible
9977,332.57,Fully Visible
9978,332.6,No Logo
9979,332.63,No Logo
9980,332.67,No Logo
9981,332.7,No Logo
9982,332.73,No Logo
9983,332.77,No Logo
9984,332.8,No Logo
9985,332.83,No Logo
9986,332.87,No Logo
9987,332.9,No Logo
9988,332.93,No Logo
9989,332.97,No Logo
9990,333.0,No Logo
9991,333.03,No Logo
9992,333.07,No Logo
9993,333.1,No Logo
9994,333.13,No Logo
9995,333.17,No Logo
9996,333.2,No Logo
9997,333.23,No Logo
9998,333.27,No Logo
9999,333.3,No Logo
10000,333.33,No Logo
10001,333.37,No Logo
10002,333.4,No Logo
10003,333.43,No Logo
10004,333.47,No Logo
10005,333.5,No Logo
10006,333.53,No Logo
10007,333.57,No Logo
10008,333.6,No Logo
10009,333.63,No Logo
10010,333.67,No Logo
10011,333.7,No Logo
10012,333.73,No Logo
10013,333.77,No Logo
10014,333.8,No Logo
10015,333.83,No Logo
10016,333.87,No Logo
10017,333.9,No Logo
10018,333.93,No Logo
10019,333.97,No Logo
10020,334.0,No Logo
10021,334.03,No Logo
10022,334.07,No Logo
10023,334.1,No Logo
10024,334.13,No Logo
10025,334.17,No Logo
10026,334.2,No Logo
10027,334.23,No Logo
10028,334.27,No Logo
10029,334.3,No Logo
10030,334.33,No Logo
10031,334.37,No Logo
10032,334.4,No Logo
10033,334.43,No Logo
10034,334.47,No Logo
10035,334.5,No Logo
10036,334.53,No Logo
10037,334.57,No Logo
10038,334.6,No Logo
10039,334.63,No Logo
10040,334.67,No Logo
10041,334.7,No Logo
10042,334.73,No Logo
10043,334.77,No Logo
10044,334.8,No Logo
10045,334.83,No Logo
10046,334.87,No Logo
10047,334.9,No Logo
10048,334.93,No Logo
10049,334.97,No Logo
10050,335.0,No Logo
10051,335.03,No Logo
10052,335.07,No Logo
10053,335.1,No Logo
10054,335.13,No Logo
10055,335.17,No Logo
10056,335.2,No Logo
10057,335.23,No Logo
10058,335.27,No Logo
10059,335.3,No Logo
10060,335.33,No Logo
10061,335.37,No Logo
10062,335.4,No Logo
10063,335.43,No Logo
10064,335.47,No Logo
10065,335.5,No Logo
10066,335.53,No Logo
10067,335.57,No Logo
10068,335.6,No Logo
10069,335.63,No Logo
10070,335.67,No Logo
10071,335.7,No Logo
10072,335.73,No Logo
10073,335.77,No Logo
10074,335.8,No Logo
10075,335.83,No Logo
10076,335.87,No Logo
10077,335.9,No Logo
10078,335.93,No Logo
10079,335.97,No Logo
10080,336.0,No Logo
10081,336.03,No Logo
10082,336.07,No Logo
10083,336.1,No Logo
10084,336.13,No Logo
10085,336.17,No Logo
10086,336.2,No Logo
10087,336.23,No Logo
10088,336.27,No Logo
10089,336.3,No Logo
10090,336.33,No Logo
10091,336.37,No Logo
10092,336.4,No Logo
10093,336.43,No Logo
10094,336.47,No Logo
10095,336.5,No Logo
10096,336.53,No Logo
10097,336.57,No Logo
10098,336.6,No Logo
10099,336.63,No Logo
10100,336.67,No Logo
10101,336.7,No Logo
10102,336.73,No Logo
10103,336.77,No Logo
10104,336.8,No Logo
10105,336.83,No Logo
10106,336.87,No Logo
10107,336.9,No Logo
10108,336.93,No Logo
10109,336.97,No Logo
10110,337.0,No Logo
10111,337.03,No Logo
10112,337.07,No Logo
10113,337.1,No Logo
10114,337.13,No Logo
10115,337.17,No Logo
10116,337.2,No Logo
10117,337.23,No Logo
10118,337.27,No Logo
10119,337.3,No Logo
10120,337.33,No Logo
10121,337.37,No Logo
10122,337.4,No Logo
10123,337.43,No Logo
10124,337.47,No Logo
10125,337.5,No Logo
10126,337.53,No Logo
10127,337.57,No Logo
10128,337.6,No Logo
10129,337.63,No Logo
10130,337.67,No Logo
10131,337.7,No Logo
10132,337.73,No Logo
10133,337.77,No Logo
10134,337.8,No Logo
10135,337.83,No Logo
10136,337.87,No Logo
10137,337.9,No Logo
10138,337.93,No Logo
10139,337.97,No Logo
10140,338.0,No Logo
10141,338.03,No Logo
10142,338.07,No Logo
10143,338.1,No Logo
10144,338.13,No Logo
10145,338.17,No Logo
10146,338.2,No Logo
10147,338.23,No Logo
10148,338.27,No Logo
10149,338.3,No Logo
10150,338.33,No Logo
10151,338.37,No Logo
10152,338.4,No Logo
10153,338.43,No Logo
10154,338.47,No Logo
10155,338.5,No Logo
10156,338.53,No Logo
10157,338.57,No Logo
10158,338.6,No Logo
10159,338.63,No Logo
10160,338.67,No Logo
10161,338.7,No Logo
10162,338.73,No Logo
10163,338.77,No Logo
10164,338.8,No Logo
10165,338.83,No Logo
10166,338.87,No Logo
10167,338.9,No Logo
10168,338.93,No Logo
10169,338.97,No Logo
10170,339.0,No Logo
10171,339.03,No Logo
10172,339.07,No Logo
10173,339.1,No Logo
10174,339.13,No Logo
10175,339.17,No Logo
10176,339.2,No Logo
10177,339.23,No Logo
10178,339.27,No Logo
10179,339.3,No Logo
10180,339.33,No Logo
10181,339.37,No Logo
10182,339.4,No Logo
10183,339.43,No Logo
10184,339.47,No Logo
10185,339.5,No Logo
10186,339.53,No Logo
10187,339.57,No Logo
10188,339.6,No Logo
10189,339.63,No Logo
10190,339.67,No Logo
10191,339.7,No Logo
10192,339.73,No Logo
10193,339.77,No Logo
10194,339.8,No Logo
10195,339.83,No Logo
10196,339.87,No Logo
10197,339.9,No Logo
10198,339.93,No Logo
10199,339.97,No Logo
10200,340.0,No Logo
10201,340.03,No Logo
10202,340.07,No Logo
10203,340.1,No Logo
10204,340.13,No Logo
10205,340.17,No Logo
10206,340.2,No Logo
10207,340.23,No Logo
10208,340.27,No Logo
10209,340.3,No Logo
10210,340.33,No Logo
10211,340.37,No Logo
10212,340.4,No Logo
10213,340.43,No Logo
10214,340.47,No Logo
10215,340.5,No Logo
10216,340.53,No Logo
10217,340.57,No Logo
10218,340.6,No Logo
10219,340.63,No Logo
10220,340.67,No Logo
10221,340.7,No Logo
10222,340.73,No Logo
10223,340.77,No Logo
10224,340.8,No Logo
10225,340.83,No Logo
10226,340.87,No Logo
10227,340.9,No Logo
10228,340.93,No Logo
10229,340.97,No Logo
10230,341.0,No Logo
10231,341.03,No Logo
10232,341.07,No Logo
10233,341.1,No Logo
10234,341.13,No Logo
10235,341.17,No Logo
10236,341.2,No Logo
10237,341.23,No Logo
10238,341.27,No Logo
10239,341.3,No Logo
10240,341.33,No Logo
10241,341.37,No Logo
10242,341.4,No Logo
10243,341.43,No Logo
10244,341.47,No Logo
10245,341.5,No Logo
10246,341.53,No Logo
10247,341.57,No Logo
10248,341.6,No Logo
10249,341.63,No Logo
10250,341.67,No Logo
10251,341.7,No Logo
10252,341.73,No Logo
10253,341.77,No Logo
10254,341.8,No Logo
10255,341.83,No Logo
10256,341.87,No Logo
10257,341.9,No Logo
10258,341.93,No Logo
10259,341.97,No Logo
10260,342.0,No Logo
10261,342.03,No Logo
10262,342.07,No Logo
10263,342.1,No Logo
10264,342.13,No Logo
10265,342.17,No Logo
10266,342.2,No Logo
10267,342.23,No Logo
10268,342.27,No Logo
10269,342.3,No Logo
10270,342.33,No Logo
10271,342.37,No Logo
10272,342.4,Fully Visible
10273,342.43,Fully Visible
10274,342.47,Fully Visible
10275,342.5,No Logo
10276,342.53,Fully Visible
10277,342.57,No Logo
10278,342.6,Fully Visible
10279,342.63,Fully Visible
10280,342.67,Fully Visible
10281,342.7,Fully Visible
10282,342.73,Fully Visible
10283,342.77,No Logo
10284,342.8,No Logo
10285,342.83,No Logo
10286,342.87,Partially Visible
10287,342.9,No Logo
10288,342.93,No Logo
10289,342.97,No Logo
10290,343.0,No Logo
10291,343.03,No Logo
10292,343.07,No Logo
10293,343.1,No Logo
10294,343.13,No Logo
10295,343.17,No Logo
10296,343.2,No Logo
10297,343.23,No Logo
10298,343.27,No Logo
10299,343.3,No Logo
10300,343.33,No Logo
10301,343.37,No Logo
10302,343.4,No Logo
10303,343.43,No Logo
10304,343.47,No Logo
10305,343.5,No Logo
10306,343.53,No Logo
10307,343.57,No Logo
10308,343.6,No Logo
10309,343.63,No Logo
10310,343.67,No Logo
10311,343.7,No Logo
10312,343.73,No Logo
10313,343.77,No Logo
10314,343.8,No Logo
10315,343.83,No Logo
10316,343.87,No Logo
10317,343.9,No Logo
10318,343.93,No Logo
10319,343.97,No Logo
10320,344.0,No Logo
10321,344.03,No Logo
10322,344.07,No Logo
10323,344.1,No Logo
10324,344.13,No Logo
10325,344.17,No Logo
10326,344.2,No Logo
10327,344.23,No Logo
10328,344.27,No Logo
10329,344.3,No Logo
10330,344.33,No Logo
10331,344.37,No Logo
10332,344.4,No Logo
10333,344.43,No Logo
10334,344.47,No Logo
10335,344.5,No Logo
10336,344.53,No Logo
10337,344.57,No Logo
10338,344.6,No Logo
10339,344.63,No Logo
10340,344.67,No Logo
10341,344.7,No Logo
10342,344.73,No Logo
10343,344.77,No Logo
10344,344.8,No Logo
10345,344.83,No Logo
10346,344.87,No Logo
10347,344.9,No Logo
10348,344.93,No Logo
10349,344.97,No Logo
10350,345.0,No Logo
10351,345.03,No Logo
10352,345.07,No Logo
10353,345.1,No Logo
10354,345.13,No Logo
10355,345.17,No Logo
10356,345.2,No Logo
10357,345.23,No Logo
10358,345.27,No Logo
10359,345.3,No Logo
10360,345.33,No Logo
10361,345.37,No Logo
10362,345.4,No Logo
10363,345.43,No Logo
10364,345.47,Fully Visible
10365,345.5,No Logo
10366,345.53,Fully Visible
10367,345.57,No Logo
10368,345.6,Fully Visible
10369,345.63,Fully Visible
10370,345.67,No Logo
10371,345.7,No Logo
10372,345.73,No Logo
10373,345.77,No Logo
10374,345.8,Fully Visible
10375,345.83,Fully Visible
10376,345.87,No Logo
10377,345.9,Fully Visible
10378,345.93,No Logo
10379,345.97,No Logo
10380,346.0,No Logo
10381,346.03,No Logo
10382,346.07,Fully Visible
10383,346.1,Fully Visible
10384,346.13,No Logo
10385,346.17,Fully Visible
10386,346.2,No Logo
10387,346.23,No Logo
10388,346.27,No Logo
10389,346.3,No Logo
10390,346.33,No Logo
10391,346.37,No Logo
10392,346.4,No Logo
10393,346.43,No Logo
10394,346.47,No Logo
10395,346.5,No Logo
10396,346.53,No Logo
10397,346.57,No Logo
10398,346.6,No Logo
10399,346.63,No Logo
10400,346.67,No Logo
10401,346.7,No Logo
10402,346.73,No Logo
10403,346.77,No Logo
10404,346.8,No Logo
10405,346.83,No Logo
10406,346.87,No Logo
10407,346.9,No Logo
10408,346.93,No Logo
10409,346.97,No Logo
10410,347.0,No Logo
10411,347.03,No Logo
10412,347.07,No Logo
10413,347.1,No Logo
10414,347.13,No Logo
10415,347.17,No Logo
10416,347.2,No Logo
10417,347.23,No Logo
10418,347.27,No Logo
10419,347.3,No Logo
10420,347.33,No Logo
10421,347.37,No Logo
10422,347.4,No Logo
10423,347.43,No Logo
10424,347.47,No Logo
10425,347.5,Fully Visible
10426,347.53,No Logo
10427,347.57,Partially Visible
10428,347.6,Partially Visible
10429,347.63,Partially Visible
10430,347.67,Partially Visible
10431,347.7,Partially Visible
10432,347.73,Partially Visible
10433,347.77,No Logo
10434,347.8,No Logo
10435,347.83,No Logo
10436,347.87,No Logo
10437,347.9,No Logo
10438,347.93,No Logo
10439,347.97,No Logo
10440,348.0,No Logo
10441,348.03,No Logo
10442,348.07,No Logo
10443,348.1,No Logo
10444,348.13,No Logo
10445,348.17,No Logo
10446,348.2,No Logo
10447,348.23,No Logo
10448,348.27,No Logo
10449,348.3,No Logo
10450,348.33,No Logo
10451,348.37,No Logo
10452,348.4,No Logo
10453,348.43,No Logo
10454,348.47,No Logo
10455,348.5,No Logo
10456,348.53,No Logo
10457,348.57,No Logo
10458,348.6,No Logo
10459,348.63,No Logo
10460,348.67,No Logo
10461,348.7,No Logo
10462,348.73,No Logo
10463,348.77,No Logo
10464,348.8,No Logo
10465,348.83,No Logo
10466,348.87,No Logo
10467,348.9,No Logo
10468,348.93,No Logo
10469,348.97,No Logo
10470,349.0,No Logo
10471,349.03,No Logo
10472,349.07,No Logo
10473,349.1,No Logo
10474,349.13,No Logo
10475,349.17,No Logo
10476,349.2,No Logo
10477,349.23,No Logo
10478,349.27,No Logo
10479,349.3,No Logo
10480,349.33,No Logo
10481,349.37,No Logo
10482,349.4,No Logo
10483,349.43,No Logo
10484,349.47,No Logo
10485,349.5,No Logo
10486,349.53,No Logo
10487,349.57,Partially Visible
10488,349.6,No Logo
10489,349.63,No Logo
10490,349.67,No Logo
10491,349.7,No Logo
10492,349.73,No Logo
10493,349.77,No Logo
10494,349.8,No Logo
10495,349.83,No Logo
10496,349.87,No Logo
10497,349.9,No Logo
10498,349.93,No Logo
10499,349.97,No Logo
10500,350.0,No Logo
10501,350.03,No Logo
10502,350.07,No Logo
10503,350.1,No Logo
10504,350.13,No Logo
10505,350.17,No Logo
10506,350.2,No Logo
10507,350.23,No Logo
10508,350.27,No Logo
10509,350.3,No Logo
10510,350.33,No Logo
10511,350.37,No Logo
10512,350.4,No Logo
10513,350.43,No Logo
10514,350.47,No Logo
10515,350.5,No Logo
10516,350.53,No Logo
10517,350.57,No Logo
10518,350.6,No Logo
10519,350.63,No Logo
10520,350.67,No Logo
10521,350.7,No Logo
10522,350.73,No Logo
10523,350.77,No Logo
10524,350.8,No Logo
10525,350.83,No Logo
10526,350.87,No Logo
10527,350.9,No Logo
10528,350.93,No Logo
10529,350.97,No Logo
10530,351.0,No Logo
10531,351.03,No Logo
10532,351.07,No Logo
10533,351.1,No Logo
10534,351.13,No Logo
10535,351.17,No Logo
10536,351.2,No Logo
10537,351.23,No Logo
10538,351.27,No Logo
10539,351.3,No Logo
10540,351.33,No Logo
10541,351.37,No Logo
10542,351.4,No Logo
10543,351.43,No Logo
10544,351.47,No Logo
10545,351.5,No Logo
10546,351.53,No Logo
10547,351.57,No Logo
10548,351.6,No Logo
10549,351.63,No Logo
10550,351.67,No Logo
10551,351.7,No Logo
10552,351.73,No Logo
10553,351.77,No Logo
10554,351.8,No Logo
10555,351.83,No Logo
10556,351.87,No Logo
10557,351.9,No Logo
10558,351.93,No Logo
10559,351.97,No Logo
10560,352.0,No Logo
10561,352.03,No Logo
10562,352.07,No Logo
10563,352.1,No Logo
10564,352.13,No Logo
10565,352.17,No Logo
10566,352.2,No Logo
10567,352.23,No Logo
10568,352.27,No Logo
10569,352.3,No Logo
10570,352.33,Fully Visible
10571,352.37,Fully Visible
10572,352.4,Fully Visible
10573,352.43,Fully Visible
10574,352.47,Fully Visible
10575,352.5,Fully Visible
10576,352.53,Fully Visible
10577,352.57,Fully Visible
10578,352.6,Fully Visible
10579,352.63,Fully Visible
10580,352.67,Fully Visible
10581,352.7,No Logo
10582,352.73,No Logo
10583,352.77,Fully Visible
10584,352.8,Fully Visible
10585,352.83,Fully Visible
10586,352.87,Fully Visible
10587,352.9,No Logo
10588,352.93,No Logo
10589,352.97,No Logo
10590,353.0,No Logo
10591,353.03,No Logo
10592,353.07,No Logo
10593,353.1,No Logo
10594,353.13,No Logo
10595,353.17,No Logo
10596,353.2,No Logo
10597,353.23,No Logo
10598,353.27,No Logo
10599,353.3,No Logo
10600,353.33,No Logo
10601,353.37,No Logo
10602,353.4,No Logo
10603,353.43,No Logo
10604,353.47,No Logo
10605,353.5,No Logo
10606,353.53,No Logo
10607,353.57,No Logo
10608,353.6,No Logo
10609,353.63,No Logo
10610,353.67,No Logo
10611,353.7,No Logo
10612,353.73,No Logo
10613,353.77,No Logo
10614,353.8,No Logo
10615,353.83,No Logo
10616,353.87,No Logo
10617,353.9,No Logo
10618,353.93,No Logo
10619,353.97,No Logo
10620,354.0,No Logo
10621,354.03,No Logo
10622,354.07,No Logo
10623,354.1,No Logo
10624,354.13,No Logo
10625,354.17,No Logo
10626,354.2,No Logo
10627,354.23,No Logo
10628,354.27,No Logo
10629,354.3,No Logo
10630,354.33,No Logo
10631,354.37,No Logo
10632,354.4,No Logo
10633,354.43,No Logo
10634,354.47,No Logo
10635,354.5,No Logo
10636,354.53,No Logo
10637,354.57,No Logo
10638,354.6,No Logo
10639,354.63,No Logo
10640,354.67,No Logo
10641,354.7,No Logo
10642,354.73,No Logo
10643,354.77,No Logo
10644,354.8,No Logo
10645,354.83,No Logo
10646,354.87,No Logo
10647,354.9,No Logo
10648,354.93,No Logo
10649,354.97,No Logo
10650,355.0,No Logo
10651,355.03,No Logo
10652,355.07,No Logo
10653,355.1,No Logo
10654,355.13,No Logo
10655,355.17,No Logo
10656,355.2,No Logo
10657,355.23,No Logo
10658,355.27,No Logo
10659,355.3,No Logo
10660,355.33,No Logo
10661,355.37,No Logo
10662,355.4,No Logo
10663,355.43,No Logo
10664,355.47,No Logo
10665,355.5,No Logo
10666,355.53,No Logo
10667,355.57,No Logo
10668,355.6,No Logo
10669,355.63,No Logo
10670,355.67,No Logo
10671,355.7,No Logo
10672,355.73,No Logo
10673,355.77,No Logo
10674,355.8,No Logo
10675,355.83,No Logo
10676,355.87,No Logo
10677,355.9,No Logo
10678,355.93,No Logo
10679,355.97,No Logo
10680,356.0,No Logo
10681,356.03,No Logo
10682,356.07,No Logo
10683,356.1,No Logo
10684,356.13,No Logo
10685,356.17,No Logo
10686,356.2,No Logo
10687,356.23,No Logo
10688,356.27,No Logo
10689,356.3,No Logo
10690,356.33,No Logo
10691,356.37,No Logo
10692,356.4,No Logo
10693,356.43,No Logo
10694,356.47,No Logo
10695,356.5,No Logo
10696,356.53,No Logo
10697,356.57,No Logo
10698,356.6,No Logo
10699,356.63,No Logo
10700,356.67,No Logo
10701,356.7,No Logo
10702,356.73,No Logo
10703,356.77,No Logo
10704,356.8,No Logo
10705,356.83,No Logo
10706,356.87,No Logo
10707,356.9,No Logo
10708,356.93,No Logo
10709,356.97,No Logo
10710,357.0,No Logo
10711,357.03,No Logo
10712,357.07,No Logo
10713,357.1,No Logo
10714,357.13,No Logo
10715,357.17,No Logo
10716,357.2,No Logo
10717,357.23,No Logo
10718,357.27,No Logo
10719,357.3,No Logo
10720,357.33,No Logo
10721,357.37,No Logo
10722,357.4,No Logo
10723,357.43,No Logo
10724,357.47,No Logo
10725,357.5,No Logo
10726,357.53,No Logo
10727,357.57,No Logo
10728,357.6,No Logo
10729,357.63,No Logo
10730,357.67,No Logo
10731,357.7,No Logo
10732,357.73,No Logo
10733,357.77,No Logo
10734,357.8,No Logo
10735,357.83,No Logo
10736,357.87,No Logo
10737,357.9,No Logo
10738,357.93,No Logo
10739,357.97,No Logo
10740,358.0,No Logo
10741,358.03,No Logo
10742,358.07,No Logo
10743,358.1,No Logo
10744,358.13,No Logo
10745,358.17,No Logo
10746,358.2,No Logo
10747,358.23,No Logo
10748,358.27,No Logo
10749,358.3,No Logo
10750,358.33,No Logo
10751,358.37,No Logo
10752,358.4,No Logo
10753,358.43,No Logo
10754,358.47,No Logo
10755,358.5,No Logo
10756,358.53,No Logo
10757,358.57,No Logo
10758,358.6,No Logo
10759,358.63,No Logo
10760,358.67,No Logo
10761,358.7,No Logo
10762,358.73,No Logo
10763,358.77,No Logo
10764,358.8,No Logo
10765,358.83,No Logo
10766,358.87,No Logo
10767,358.9,No Logo
10768,358.93,No Logo
10769,358.97,No Logo
10770,359.0,No Logo
10771,359.03,No Logo
10772,359.07,No Logo
10773,359.1,No Logo
10774,359.13,No Logo
10775,359.17,No Logo
10776,359.2,No Logo
10777,359.23,No Logo
10778,359.27,No Logo
10779,359.3,No Logo
10780,359.33,No Logo
10781,359.37,No Logo
10782,359.4,No Logo
10783,359.43,No Logo
10784,359.47,No Logo
10785,359.5,No Logo
10786,359.53,No Logo
10787,359.57,No Logo
10788,359.6,No Logo
10789,359.63,No Logo
10790,359.67,No Logo
10791,359.7,No Logo
10792,359.73,No Logo
10793,359.77,No Logo
10794,359.8,No Logo
10795,359.83,No Logo
10796,359.87,No Logo
10797,359.9,No Logo
10798,359.93,No Logo
10799,359.97,No Logo
10800,360.0,No Logo
10801,360.03,No Logo
10802,360.07,No Logo
10803,360.1,No Logo
10804,360.13,No Logo
10805,360.17,No Logo
10806,360.2,No Logo
10807,360.23,No Logo
10808,360.27,No Logo
10809,360.3,No Logo
10810,360.33,No Logo
10811,360.37,No Logo
10812,360.4,No Logo
10813,360.43,No Logo
10814,360.47,No Logo
10815,360.5,No Logo
10816,360.53,No Logo
10817,360.57,No Logo
10818,360.6,No Logo
10819,360.63,No Logo
10820,360.67,No Logo
10821,360.7,No Logo
10822,360.73,No Logo
10823,360.77,No Logo
10824,360.8,No Logo
10825,360.83,No Logo
10826,360.87,No Logo
10827,360.9,No Logo
10828,360.93,No Logo
10829,360.97,No Logo
10830,361.0,No Logo
10831,361.03,No Logo
10832,361.07,No Logo
10833,361.1,No Logo
10834,361.13,No Logo
10835,361.17,No Logo
10836,361.2,No Logo
10837,361.23,No Logo
10838,361.27,No Logo
10839,361.3,No Logo
10840,361.33,No Logo
10841,361.37,No Logo
10842,361.4,No Logo
10843,361.43,No Logo
10844,361.47,No Logo
10845,361.5,No Logo
10846,361.53,No Logo
10847,361.57,No Logo
10848,361.6,No Logo
10849,361.63,No Logo
10850,361.67,No Logo
10851,361.7,No Logo
10852,361.73,No Logo
10853,361.77,No Logo
10854,361.8,No Logo
10855,361.83,No Logo
10856,361.87,No Logo
10857,361.9,No Logo
10858,361.93,No Logo
10859,361.97,Fully Visible
10860,362.0,Partially Visible
10861,362.03,Fully Visible
10862,362.07,Fully Visible
10863,362.1,Partially Visible
10864,362.13,Partially Visible
10865,362.17,Partially Visible
10866,362.2,Fully Visible
10867,362.23,Fully Visible
10868,362.27,Fully Visible
10869,362.3,Fully Visible
10870,362.33,Fully Visible
10871,362.37,Fully Visible
10872,362.4,Fully Visible
10873,362.43,Fully Visible
10874,362.47,Fully Visible
10875,362.5,Fully Visible
10876,362.53,Fully Visible
10877,362.57,Fully Visible
10878,362.6,Fully Visible
10879,362.63,Fully Visible
10880,362.67,No Logo
10881,362.7,Partially Visible
10882,362.73,No Logo
10883,362.77,No Logo
10884,362.8,No Logo
10885,362.83,No Logo
10886,362.87,No Logo
10887,362.9,No Logo
10888,362.93,No Logo
10889,362.97,No Logo
10890,363.0,No Logo
10891,363.03,No Logo
10892,363.07,No Logo
10893,363.1,No Logo
10894,363.13,No Logo
10895,363.17,No Logo
10896,363.2,No Logo
10897,363.23,No Logo
10898,363.27,No Logo
10899,363.3,No Logo
10900,363.33,No Logo
10901,363.37,No Logo
10902,363.4,No Logo
10903,363.43,No Logo
10904,363.47,No Logo
10905,363.5,No Logo
10906,363.53,No Logo
10907,363.57,No Logo
10908,363.6,No Logo
10909,363.63,No Logo
10910,363.67,No Logo
10911,363.7,No Logo
10912,363.73,No Logo
10913,363.77,No Logo
10914,363.8,No Logo
10915,363.83,No Logo
10916,363.87,No Logo
10917,363.9,No Logo
10918,363.93,No Logo
10919,363.97,No Logo
10920,364.0,No Logo
10921,364.03,No Logo
10922,364.07,No Logo
10923,364.1,No Logo
10924,364.13,No Logo
10925,364.17,No Logo
10926,364.2,No Logo
10927,364.23,No Logo
10928,364.27,No Logo
10929,364.3,No Logo
10930,364.33,No Logo
10931,364.37,No Logo
10932,364.4,No Logo
10933,364.43,No Logo
10934,364.47,No Logo
10935,364.5,No Logo
10936,364.53,No Logo
10937,364.57,No Logo
10938,364.6,No Logo
10939,364.63,No Logo
10940,364.67,No Logo
10941,364.7,No Logo
10942,364.73,No Logo
10943,364.77,No Logo
10944,364.8,No Logo
10945,364.83,No Logo
10946,364.87,No Logo
10947,364.9,No Logo
10948,364.93,No Logo
10949,364.97,No Logo
10950,365.0,No Logo
10951,365.03,No Logo
10952,365.07,No Logo
10953,365.1,No Logo
10954,365.13,No Logo
10955,365.17,No Logo
10956,365.2,No Logo
10957,365.23,No Logo
10958,365.27,No Logo
10959,365.3,No Logo
10960,365.33,No Logo
10961,365.37,No Logo
10962,365.4,No Logo
10963,365.43,No Logo
10964,365.47,No Logo
10965,365.5,No Logo
10966,365.53,No Logo
10967,365.57,No Logo
10968,365.6,No Logo
10969,365.63,No Logo
10970,365.67,No Logo
10971,365.7,No Logo
10972,365.73,No Logo
10973,365.77,No Logo
10974,365.8,No Logo
10975,365.83,No Logo
10976,365.87,No Logo
10977,365.9,No Logo
10978,365.93,No Logo
10979,365.97,No Logo
10980,366.0,No Logo
10981,366.03,No Logo
10982,366.07,No Logo
10983,366.1,No Logo
10984,366.13,No Logo
10985,366.17,No Logo
10986,366.2,No Logo
10987,366.23,No Logo
10988,366.27,No Logo
10989,366.3,No Logo
10990,366.33,No Logo
10991,366.37,No Logo
10992,366.4,No Logo
10993,366.43,No Logo
10994,366.47,No Logo
10995,366.5,No Logo
10996,366.53,No Logo
10997,366.57,No Logo
10998,366.6,No Logo
10999,366.63,No Logo
11000,366.67,No Logo
11001,366.7,No Logo
11002,366.73,No Logo
11003,366.77,No Logo
11004,366.8,No Logo
11005,366.83,No Logo
11006,366.87,No Logo
11007,366.9,No Logo
11008,366.93,No Logo
11009,366.97,No Logo
11010,367.0,No Logo
11011,367.03,No Logo
11012,367.07,No Logo
11013,367.1,No Logo
11014,367.13,No Logo
11015,367.17,No Logo
11016,367.2,No Logo
11017,367.23,No Logo
11018,367.27,No Logo
11019,367.3,No Logo
11020,367.33,No Logo
11021,367.37,No Logo
11022,367.4,No Logo
11023,367.43,No Logo
11024,367.47,No Logo
11025,367.5,No Logo
11026,367.53,No Logo
11027,367.57,No Logo
11028,367.6,No Logo
11029,367.63,No Logo
11030,367.67,No Logo
11031,367.7,No Logo
11032,367.73,No Logo
11033,367.77,No Logo
11034,367.8,No Logo
11035,367.83,No Logo
11036,367.87,No Logo
11037,367.9,No Logo
11038,367.93,No Logo
11039,367.97,No Logo
11040,368.0,No Logo
11041,368.03,No Logo
11042,368.07,No Logo
11043,368.1,No Logo
11044,368.13,No Logo
11045,368.17,No Logo
11046,368.2,No Logo
11047,368.23,No Logo
11048,368.27,No Logo
11049,368.3,No Logo
11050,368.33,No Logo
11051,368.37,No Logo
11052,368.4,No Logo
11053,368.43,No Logo
11054,368.47,No Logo
11055,368.5,No Logo
11056,368.53,No Logo
11057,368.57,No Logo
11058,368.6,No Logo
11059,368.63,No Logo
11060,368.67,No Logo
11061,368.7,No Logo
11062,368.73,No Logo
11063,368.77,No Logo
11064,368.8,No Logo
11065,368.83,No Logo
11066,368.87,No Logo
11067,368.9,No Logo
11068,368.93,No Logo
11069,368.97,No Logo
11070,369.0,No Logo
11071,369.03,No Logo
11072,369.07,No Logo
11073,369.1,No Logo
11074,369.13,No Logo
11075,369.17,No Logo
11076,369.2,No Logo
11077,369.23,No Logo
11078,369.27,No Logo
11079,369.3,No Logo
11080,369.33,No Logo
11081,369.37,No Logo
11082,369.4,No Logo
11083,369.43,No Logo
11084,369.47,No Logo
11085,369.5,No Logo
11086,369.53,No Logo
11087,369.57,No Logo
11088,369.6,No Logo
11089,369.63,No Logo
11090,369.67,No Logo
11091,369.7,No Logo
11092,369.73,No Logo
11093,369.77,No Logo
11094,369.8,No Logo
11095,369.83,No Logo
11096,369.87,No Logo
11097,369.9,No Logo
11098,369.93,No Logo
11099,369.97,No Logo
11100,370.0,No Logo
11101,370.03,No Logo
11102,370.07,No Logo
11103,370.1,No Logo
11104,370.13,No Logo
11105,370.17,No Logo
11106,370.2,No Logo
11107,370.23,No Logo
11108,370.27,No Logo
11109,370.3,No Logo
11110,370.33,No Logo
11111,370.37,No Logo
11112,370.4,No Logo
11113,370.43,No Logo
11114,370.47,No Logo
11115,370.5,No Logo
11116,370.53,No Logo
11117,370.57,No Logo
11118,370.6,No Logo
11119,370.63,No Logo
11120,370.67,No Logo
11121,370.7,No Logo
11122,370.73,No Logo
11123,370.77,No Logo
11124,370.8,No Logo
11125,370.83,No Logo
11126,370.87,No Logo
11127,370.9,No Logo
11128,370.93,No Logo
11129,370.97,No Logo
11130,371.0,No Logo
11131,371.03,No Logo
11132,371.07,No Logo
11133,371.1,No Logo
11134,371.13,No Logo
11135,371.17,No Logo
11136,371.2,No Logo
11137,371.23,No Logo
11138,371.27,No Logo
11139,371.3,No Logo
11140,371.33,No Logo
11141,371.37,No Logo
11142,371.4,No Logo
11143,371.43,No Logo
11144,371.47,No Logo
11145,371.5,No Logo
11146,371.53,No Logo
11147,371.57,No Logo
11148,371.6,No Logo
11149,371.63,No Logo
11150,371.67,No Logo
11151,371.7,No Logo
11152,371.73,No Logo
11153,371.77,No Logo
11154,371.8,No Logo
11155,371.83,No Logo
11156,371.87,No Logo
11157,371.9,No Logo
11158,371.93,No Logo
11159,371.97,No Logo
11160,372.0,No Logo
11161,372.03,No Logo
11162,372.07,No Logo
11163,372.1,No Logo
11164,372.13,No Logo
11165,372.17,No Logo
11166,372.2,No Logo
11167,372.23,No Logo
11168,372.27,No Logo
11169,372.3,No Logo
11170,372.33,No Logo
11171,372.37,No Logo
11172,372.4,No Logo
11173,372.43,No Logo
11174,372.47,No Logo
11175,372.5,No Logo
11176,372.53,No Logo
11177,372.57,No Logo
11178,372.6,No Logo
11179,372.63,No Logo
11180,372.67,No Logo
11181,372.7,No Logo
11182,372.73,No Logo
11183,372.77,No Logo
11184,372.8,No Logo
11185,372.83,No Logo
11186,372.87,No Logo
11187,372.9,No Logo
11188,372.93,No Logo
11189,372.97,No Logo
11190,373.0,No Logo
11191,373.03,No Logo
11192,373.07,No Logo
11193,373.1,No Logo
11194,373.13,No Logo
11195,373.17,No Logo
11196,373.2,No Logo
11197,373.23,No Logo
11198,373.27,No Logo
11199,373.3,No Logo
11200,373.33,No Logo
11201,373.37,No Logo
11202,373.4,No Logo
11203,373.43,No Logo
11204,373.47,No Logo
11205,373.5,No Logo
11206,373.53,No Logo
11207,373.57,No Logo
11208,373.6,No Logo
11209,373.63,No Logo
11210,373.67,No Logo
11211,373.7,No Logo
11212,373.73,No Logo
11213,373.77,No Logo
11214,373.8,No Logo
11215,373.83,No Logo
11216,373.87,No Logo
11217,373.9,No Logo
11218,373.93,No Logo
11219,373.97,No Logo
11220,374.0,No Logo
11221,374.03,No Logo
11222,374.07,No Logo
11223,374.1,No Logo
11224,374.13,No Logo
11225,374.17,No Logo
11226,374.2,No Logo
11227,374.23,No Logo
11228,374.27,No Logo
11229,374.3,No Logo
11230,374.33,No Logo
11231,374.37,No Logo
11232,374.4,No Logo
11233,374.43,No Logo
11234,374.47,No Logo
11235,374.5,No Logo
11236,374.53,No Logo
11237,374.57,No Logo
11238,374.6,No Logo
11239,374.63,No Logo
11240,374.67,No Logo
11241,374.7,No Logo
11242,374.73,No Logo
11243,374.77,No Logo
11244,374.8,No Logo
11245,374.83,No Logo
11246,374.87,No Logo
11247,374.9,No Logo
11248,374.93,No Logo
11249,374.97,No Logo
11250,375.0,No Logo
11251,375.03,No Logo
11252,375.07,No Logo
11253,375.1,No Logo
11254,375.13,No Logo
11255,375.17,No Logo
11256,375.2,No Logo
11257,375.23,No Logo
11258,375.27,No Logo
11259,375.3,No Logo
11260,375.33,No Logo
11261,375.37,No Logo
11262,375.4,No Logo
11263,375.43,No Logo
11264,375.47,No Logo
11265,375.5,No Logo
11266,375.53,No Logo
11267,375.57,No Logo
11268,375.6,No Logo
11269,375.63,No Logo
11270,375.67,No Logo
11271,375.7,No Logo
11272,375.73,No Logo
11273,375.77,No Logo
11274,375.8,No Logo
11275,375.83,No Logo
11276,375.87,No Logo
11277,375.9,No Logo
11278,375.93,No Logo
11279,375.97,No Logo
11280,376.0,No Logo
11281,376.03,No Logo
11282,376.07,No Logo
11283,376.1,No Logo
11284,376.13,No Logo
11285,376.17,No Logo
11286,376.2,No Logo
11287,376.23,No Logo
11288,376.27,No Logo
11289,376.3,No Logo
11290,376.33,No Logo
11291,376.37,No Logo
11292,376.4,No Logo
11293,376.43,No Logo
11294,376.47,No Logo
11295,376.5,No Logo
11296,376.53,No Logo
11297,376.57,No Logo
11298,376.6,No Logo
11299,376.63,No Logo
11300,376.67,Fully Visible
11301,376.7,Partially Visible
11302,376.73,Partially Visible
11303,376.77,Partially Visible
11304,376.8,Fully Visible
11305,376.83,Fully Visible
11306,376.87,Fully Visible
11307,376.9,No Logo
11308,376.93,No Logo
11309,376.97,Fully Visible
11310,377.0,No Logo
11311,377.03,No Logo
11312,377.07,No Logo
11313,377.1,No Logo
11314,377.13,No Logo
11315,377.17,No Logo
11316,377.2,No Logo
11317,377.23,No Logo
11318,377.27,No Logo
11319,377.3,No Logo
11320,377.33,No Logo
11321,377.37,No Logo
11322,377.4,No Logo
11323,377.43,No Logo
11324,377.47,No Logo
11325,377.5,No Logo
11326,377.53,No Logo
11327,377.57,No Logo
11328,377.6,No Logo
11329,377.63,No Logo
11330,377.67,No Logo
11331,377.7,No Logo
11332,377.73,No Logo
11333,377.77,No Logo
11334,377.8,No Logo
11335,377.83,No Logo
11336,377.87,No Logo
11337,377.9,No Logo
11338,377.93,No Logo
11339,377.97,No Logo
11340,378.0,No Logo
11341,378.03,No Logo
11342,378.07,No Logo
11343,378.1,No Logo
11344,378.13,No Logo
11345,378.17,No Logo
11346,378.2,No Logo
11347,378.23,No Logo
11348,378.27,No Logo
11349,378.3,No Logo
11350,378.33,No Logo
11351,378.37,No Logo
11352,378.4,No Logo
11353,378.43,No Logo
11354,378.47,No Logo
11355,378.5,No Logo
11356,378.53,No Logo
11357,378.57,No Logo
11358,378.6,No Logo
11359,378.63,No Logo
11360,378.67,No Logo
11361,378.7,No Logo
11362,378.73,No Logo
11363,378.77,No Logo
11364,378.8,No Logo
11365,378.83,No Logo
11366,378.87,No Logo
11367,378.9,No Logo
11368,378.93,No Logo
11369,378.97,No Logo
11370,379.0,No Logo
11371,379.03,No Logo
11372,379.07,No Logo
11373,379.1,No Logo
11374,379.13,No Logo
11375,379.17,No Logo
11376,379.2,No Logo
11377,379.23,No Logo
11378,379.27,No Logo
11379,379.3,No Logo
11380,379.33,No Logo
11381,379.37,No Logo
11382,379.4,No Logo
11383,379.43,No Logo
11384,379.47,No Logo
11385,379.5,No Logo
11386,379.53,No Logo
11387,379.57,No Logo
11388,379.6,No Logo
11389,379.63,No Logo
11390,379.67,No Logo
11391,379.7,No Logo
11392,379.73,No Logo
11393,379.77,No Logo
11394,379.8,No Logo
11395,379.83,No Logo
11396,379.87,Fully Visible
11397,379.9,Fully Visible
11398,379.93,No Logo
11399,379.97,No Logo
11400,380.0,No Logo
11401,380.03,No Logo
11402,380.07,No Logo
11403,380.1,No Logo
11404,380.13,No Logo
11405,380.17,No Logo
11406,380.2,No Logo
11407,380.23,No Logo
11408,380.27,No Logo
11409,380.3,No Logo
11410,380.33,No Logo
11411,380.37,No Logo
11412,380.4,No Logo
11413,380.43,No Logo
11414,380.47,No Logo
11415,380.5,No Logo
11416,380.53,No Logo
11417,380.57,No Logo
11418,380.6,No Logo
11419,380.63,No Logo
11420,380.67,No Logo
11421,380.7,No Logo
11422,380.73,No Logo
11423,380.77,No Logo
11424,380.8,No Logo
11425,380.83,No Logo
11426,380.87,No Logo
11427,380.9,No Logo
11428,380.93,No Logo
11429,380.97,No Logo
11430,381.0,No Logo
11431,381.03,No Logo
11432,381.07,No Logo
11433,381.1,No Logo
11434,381.13,No Logo
11435,381.17,No Logo
11436,381.2,No Logo
11437,381.23,No Logo
11438,381.27,No Logo
11439,381.3,No Logo
11440,381.33,No Logo
11441,381.37,No Logo
11442,381.4,No Logo
11443,381.43,No Logo
11444,381.47,No Logo
11445,381.5,No Logo
11446,381.53,No Logo
11447,381.57,No Logo
11448,381.6,No Logo
11449,381.63,No Logo
11450,381.67,No Logo
11451,381.7,No Logo
11452,381.73,No Logo
11453,381.77,No Logo
11454,381.8,No Logo
11455,381.83,No Logo
11456,381.87,No Logo
11457,381.9,No Logo
11458,381.93,No Logo
11459,381.97,No Logo
11460,382.0,No Logo
11461,382.03,No Logo
11462,382.07,No Logo
11463,382.1,No Logo
11464,382.13,No Logo
11465,382.17,No Logo
11466,382.2,No Logo
11467,382.23,No Logo
11468,382.27,No Logo
11469,382.3,No Logo
11470,382.33,No Logo
11471,382.37,No Logo
11472,382.4,No Logo
11473,382.43,No Logo
11474,382.47,No Logo
11475,382.5,No Logo
11476,382.53,No Logo
11477,382.57,No Logo
11478,382.6,No Logo
11479,382.63,No Logo
11480,382.67,No Logo
11481,382.7,No Logo
11482,382.73,No Logo
11483,382.77,No Logo
11484,382.8,No Logo
11485,382.83,No Logo
11486,382.87,No Logo
11487,382.9,No Logo
11488,382.93,No Logo
11489,382.97,No Logo
11490,383.0,No Logo
11491,383.03,No Logo
11492,383.07,No Logo
11493,383.1,No Logo
11494,383.13,No Logo
11495,383.17,No Logo
11496,383.2,No Logo
11497,383.23,No Logo
11498,383.27,No Logo
11499,383.3,No Logo
11500,383.33,No Logo
11501,383.37,No Logo
11502,383.4,No Logo
11503,383.43,No Logo
11504,383.47,No Logo
11505,383.5,No Logo
11506,383.53,No Logo
11507,383.57,No Logo
11508,383.6,No Logo
11509,383.63,No Logo
11510,383.67,No Logo
11511,383.7,No Logo
11512,383.73,No Logo
11513,383.77,No Logo
11514,383.8,No Logo
11515,383.83,No Logo
11516,383.87,No Logo
11517,383.9,No Logo
11518,383.93,No Logo
11519,383.97,No Logo
11520,384.0,No Logo
11521,384.03,No Logo
11522,384.07,Fully Visible
11523,384.1,Fully Visible
11524,384.13,Fully Visible
11525,384.17,Fully Visible
11526,384.2,Fully Visible
11527,384.23,Fully Visible
11528,384.27,Fully Visible
11529,384.3,Fully Visible
11530,384.33,Fully Visible
11531,384.37,Fully Visible
11532,384.4,No Logo
11533,384.43,No Logo
11534,384.47,No Logo
11535,384.5,No Logo
11536,384.53,No Logo
11537,384.57,No Logo
11538,384.6,No Logo
11539,384.63,No Logo
11540,384.67,No Logo
11541,384.7,No Logo
11542,384.73,No Logo
11543,384.77,No Logo
11544,384.8,No Logo
11545,384.83,No Logo
11546,384.87,No Logo
11547,384.9,No Logo
11548,384.93,No Logo
11549,384.97,No Logo
11550,385.0,No Logo
11551,385.03,No Logo
11552,385.07,No Logo
11553,385.1,No Logo
11554,385.13,No Logo
11555,385.17,No Logo
11556,385.2,No Logo
11557,385.23,No Logo
11558,385.27,No Logo
11559,385.3,No Logo
11560,385.33,No Logo
11561,385.37,No Logo
11562,385.4,No Logo
11563,385.43,No Logo
11564,385.47,No Logo
11565,385.5,No Logo
11566,385.53,No Logo
11567,385.57,No Logo
11568,385.6,No Logo
11569,385.63,No Logo
11570,385.67,No Logo
11571,385.7,No Logo
11572,385.73,No Logo
11573,385.77,No Logo
11574,385.8,No Logo
11575,385.83,No Logo
11576,385.87,No Logo
11577,385.9,No Logo
11578,385.93,No Logo
11579,385.97,No Logo
11580,386.0,No Logo
11581,386.03,No Logo
11582,386.07,No Logo
11583,386.1,No Logo
11584,386.13,No Logo
11585,386.17,No Logo
11586,386.2,No Logo
11587,386.23,No Logo
11588,386.27,No Logo
11589,386.3,No Logo
11590,386.33,No Logo
11591,386.37,No Logo
11592,386.4,No Logo
11593,386.43,No Logo
11594,386.47,No Logo
11595,386.5,No Logo
11596,386.53,No Logo
11597,386.57,No Logo
11598,386.6,No Logo
11599,386.63,No Logo
11600,386.67,No Logo
11601,386.7,No Logo
11602,386.73,No Logo
11603,386.77,No Logo
11604,386.8,No Logo
11605,386.83,No Logo
11606,386.87,No Logo
11607,386.9,No Logo
11608,386.93,No Logo
11609,386.97,No Logo
11610,387.0,No Logo
11611,387.03,No Logo
11612,387.07,No Logo
11613,387.1,No Logo
11614,387.13,No Logo
11615,387.17,No Logo
11616,387.2,No Logo
11617,387.23,No Logo
11618,387.27,No Logo
11619,387.3,No Logo
11620,387.33,No Logo
11621,387.37,No Logo
11622,387.4,No Logo
11623,387.43,No Logo
11624,387.47,No Logo
11625,387.5,No Logo
11626,387.53,No Logo
11627,387.57,No Logo
11628,387.6,No Logo
11629,387.63,No Logo
11630,387.67,No Logo
11631,387.7,No Logo
11632,387.73,No Logo
11633,387.77,No Logo
11634,387.8,No Logo
11635,387.83,No Logo
11636,387.87,No Logo
11637,387.9,No Logo
11638,387.93,No Logo
11639,387.97,No Logo
11640,388.0,No Logo
11641,388.03,No Logo
11642,388.07,No Logo
11643,388.1,No Logo
11644,388.13,No Logo
11645,388.17,No Logo
11646,388.2,No Logo
11647,388.23,No Logo
11648,388.27,No Logo
11649,388.3,No Logo
11650,388.33,No Logo
11651,388.37,No Logo
11652,388.4,No Logo
11653,388.43,No Logo
11654,388.47,No Logo
11655,388.5,No Logo
11656,388.53,No Logo
11657,388.57,No Logo
11658,388.6,No Logo
11659,388.63,No Logo
11660,388.67,No Logo
11661,388.7,No Logo
11662,388.73,No Logo
11663,388.77,No Logo
11664,388.8,No Logo
11665,388.83,No Logo
11666,388.87,No Logo
11667,388.9,No Logo
11668,388.93,No Logo
11669,388.97,No Logo
11670,389.0,No Logo
11671,389.03,No Logo
11672,389.07,No Logo
11673,389.1,No Logo
11674,389.13,No Logo
11675,389.17,No Logo
11676,389.2,No Logo
11677,389.23,No Logo
11678,389.27,No Logo
11679,389.3,No Logo
11680,389.33,No Logo
11681,389.37,No Logo
11682,389.4,No Logo
11683,389.43,No Logo
11684,389.47,No Logo
11685,389.5,No Logo
11686,389.53,No Logo
11687,389.57,No Logo
11688,389.6,No Logo
11689,389.63,No Logo
11690,389.67,No Logo
11691,389.7,No Logo
11692,389.73,No Logo
11693,389.77,No Logo
11694,389.8,No Logo
11695,389.83,No Logo
11696,389.87,No Logo
11697,389.9,No Logo
11698,389.93,No Logo
11699,389.97,No Logo
11700,390.0,No Logo
11701,390.03,No Logo
11702,390.07,No Logo
11703,390.1,No Logo
11704,390.13,No Logo
11705,390.17,No Logo
11706,390.2,No Logo
11707,390.23,No Logo
11708,390.27,No Logo
11709,390.3,No Logo
11710,390.33,No Logo
11711,390.37,No Logo
11712,390.4,No Logo
11713,390.43,No Logo
11714,390.47,No Logo
11715,390.5,No Logo
11716,390.53,No Logo
11717,390.57,No Logo
11718,390.6,No Logo
11719,390.63,No Logo
11720,390.67,No Logo
11721,390.7,No Logo
11722,390.73,No Logo
11723,390.77,No Logo
11724,390.8,No Logo
11725,390.83,No Logo
11726,390.87,No Logo
11727,390.9,No Logo
11728,390.93,No Logo
11729,390.97,No Logo
11730,391.0,No Logo
11731,391.03,No Logo
11732,391.07,No Logo
11733,391.1,No Logo
11734,391.13,No Logo
11735,391.17,No Logo
11736,391.2,No Logo
11737,391.23,No Logo
11738,391.27,No Logo
11739,391.3,No Logo
11740,391.33,No Logo
11741,391.37,No Logo
11742,391.4,No Logo
11743,391.43,No Logo
11744,391.47,No Logo
11745,391.5,No Logo
11746,391.53,No Logo
11747,391.57,No Logo
11748,391.6,No Logo
11749,391.63,No Logo
11750,391.67,No Logo
11751,391.7,No Logo
11752,391.73,No Logo
11753,391.77,No Logo
11754,391.8,No Logo
11755,391.83,No Logo
11756,391.87,No Logo
11757,391.9,No Logo
11758,391.93,No Logo
11759,391.97,No Logo
11760,392.0,No Logo
11761,392.03,No Logo
11762,392.07,No Logo
11763,392.1,No Logo
11764,392.13,No Logo
11765,392.17,No Logo
11766,392.2,No Logo
11767,392.23,No Logo
11768,392.27,No Logo
11769,392.3,No Logo
11770,392.33,No Logo
11771,392.37,No Logo
11772,392.4,No Logo
11773,392.43,No Logo
11774,392.47,No Logo
11775,392.5,No Logo
11776,392.53,No Logo
11777,392.57,No Logo
11778,392.6,No Logo
11779,392.63,No Logo
11780,392.67,No Logo
11781,392.7,No Logo
11782,392.73,No Logo
11783,392.77,No Logo
11784,392.8,No Logo
11785,392.83,No Logo
11786,392.87,No Logo
11787,392.9,No Logo
11788,392.93,No Logo
11789,392.97,No Logo
11790,393.0,No Logo
11791,393.03,No Logo
11792,393.07,No Logo
11793,393.1,No Logo
11794,393.13,No Logo
11795,393.17,No Logo
11796,393.2,No Logo
11797,393.23,No Logo
11798,393.27,No Logo
11799,393.3,No Logo
11800,393.33,No Logo
11801,393.37,No Logo
11802,393.4,No Logo
11803,393.43,No Logo
11804,393.47,No Logo
11805,393.5,No Logo
11806,393.53,No Logo
11807,393.57,No Logo
11808,393.6,No Logo
11809,393.63,No Logo
11810,393.67,No Logo
11811,393.7,No Logo
11812,393.73,No Logo
11813,393.77,No Logo
11814,393.8,No Logo
11815,393.83,No Logo
11816,393.87,No Logo
11817,393.9,No Logo
11818,393.93,No Logo
11819,393.97,No Logo
11820,394.0,No Logo
11821,394.03,No Logo
11822,394.07,No Logo
11823,394.1,No Logo
11824,394.13,No Logo
11825,394.17,No Logo
11826,394.2,No Logo
11827,394.23,No Logo
11828,394.27,No Logo
11829,394.3,No Logo
11830,394.33,No Logo
11831,394.37,No Logo
11832,394.4,No Logo
11833,394.43,No Logo
11834,394.47,No Logo
11835,394.5,No Logo
11836,394.53,No Logo
11837,394.57,No Logo
11838,394.6,No Logo
11839,394.63,No Logo
11840,394.67,No Logo
11841,394.7,No Logo
11842,394.73,No Logo
11843,394.77,No Logo
11844,394.8,No Logo
11845,394.83,No Logo
11846,394.87,No Logo
11847,394.9,No Logo
11848,394.93,No Logo
11849,394.97,No Logo
11850,395.0,No Logo
11851,395.03,No Logo
11852,395.07,No Logo
11853,395.1,No Logo
11854,395.13,No Logo
11855,395.17,No Logo
11856,395.2,No Logo
11857,395.23,No Logo
11858,395.27,No Logo
11859,395.3,No Logo
11860,395.33,No Logo
11861,395.37,No Logo
11862,395.4,No Logo
11863,395.43,No Logo
11864,395.47,No Logo
11865,395.5,No Logo
11866,395.53,No Logo
11867,395.57,No Logo
11868,395.6,No Logo
11869,395.63,No Logo
11870,395.67,No Logo
11871,395.7,No Logo
11872,395.73,No Logo
11873,395.77,No Logo
11874,395.8,No Logo
11875,395.83,No Logo
11876,395.87,No Logo
11877,395.9,No Logo
11878,395.93,No Logo
11879,395.97,No Logo
11880,396.0,No Logo
11881,396.03,No Logo
11882,396.07,No Logo
11883,396.1,No Logo
11884,396.13,No Logo
11885,396.17,No Logo
11886,396.2,No Logo
11887,396.23,No Logo
11888,396.27,No Logo
11889,396.3,No Logo
11890,396.33,No Logo
11891,396.37,No Logo
11892,396.4,No Logo
11893,396.43,No Logo
11894,396.47,No Logo
11895,396.5,No Logo
11896,396.53,No Logo
11897,396.57,No Logo
11898,396.6,No Logo
11899,396.63,No Logo
11900,396.67,No Logo
11901,396.7,No Logo
11902,396.73,No Logo
11903,396.77,No Logo
11904,396.8,No Logo
11905,396.83,No Logo
11906,396.87,No Logo
11907,396.9,No Logo
11908,396.93,No Logo
11909,396.97,No Logo
11910,397.0,No Logo
11911,397.03,No Logo
11912,397.07,No Logo
11913,397.1,No Logo
11914,397.13,No Logo
11915,397.17,No Logo
11916,397.2,No Logo
11917,397.23,No Logo
11918,397.27,No Logo
11919,397.3,No Logo
11920,397.33,No Logo
11921,397.37,No Logo
11922,397.4,No Logo
11923,397.43,No Logo
11924,397.47,No Logo
11925,397.5,Fully Visible
11926,397.53,Fully Visible
11927,397.57,Fully Visible
11928,397.6,Fully Visible
11929,397.63,Fully Visible
11930,397.67,Fully Visible
11931,397.7,Fully Visible
11932,397.73,Fully Visible
11933,397.77,Fully Visible
11934,397.8,Fully Visible
11935,397.83,Fully Visible
11936,397.87,Fully Visible
11937,397.9,Fully Visible
11938,397.93,Fully Visible
11939,397.97,Fully Visible
11940,398.0,Fully Visible
11941,398.03,Fully Visible
11942,398.07,Fully Visible
11943,398.1,Fully Visible
11944,398.13,Fully Visible
11945,398.17,Fully Visible
11946,398.2,Fully Visible
11947,398.23,Fully Visible
11948,398.27,Fully Visible
11949,398.3,Fully Visible
11950,398.33,Fully Visible
11951,398.37,Fully Visible
11952,398.4,Fully Visible
11953,398.43,Fully Visible
11954,398.47,Fully Visible
11955,398.5,Fully Visible
11956,398.53,Fully Visible
11957,398.57,Fully Visible
11958,398.6,Fully Visible
11959,398.63,Fully Visible
11960,398.67,Fully Visible
11961,398.7,Fully Visible
11962,398.73,Fully Visible
11963,398.77,Fully Visible
11964,398.8,Fully Visible
11965,398.83,Fully Visible
11966,398.87,Fully Visible
11967,398.9,Fully Visible
11968,398.93,Fully Visible
11969,398.97,Fully Visible
11970,399.0,Fully Visible
11971,399.03,Fully Visible
11972,399.07,Fully Visible
11973,399.1,Fully Visible
11974,399.13,Fully Visible
11975,399.17,Fully Visible
11976,399.2,Fully Visible
11977,399.23,Fully Visible
11978,399.27,Fully Visible
11979,399.3,Fully Visible
11980,399.33,Fully Visible
11981,399.37,Fully Visible
11982,399.4,Fully Visible
11983,399.43,Fully Visible
11984,399.47,Fully Visible
11985,399.5,Fully Visible
11986,399.53,Fully Visible
11987,399.57,Fully Visible
11988,399.6,Fully Visible
11989,399.63,Fully Visible
11990,399.67,Fully Visible
11991,399.7,Fully Visible
11992,399.73,Fully Visible
11993,399.77,Fully Visible
11994,399.8,Fully Visible
11995,399.83,Fully Visible
11996,399.87,Fully Visible
11997,399.9,Fully Visible
11998,399.93,Fully Visible
11999,399.97,Fully Visible
12000,400.0,Fully Visible
12001,400.03,Fully Visible
12002,400.07,Fully Visible
12003,400.1,No Logo
12004,400.13,No Logo
12005,400.17,No Logo
12006,400.2,No Logo
12007,400.23,No Logo
12008,400.27,No Logo
12009,400.3,No Logo
12010,400.33,No Logo
12011,400.37,No Logo
12012,400.4,No Logo
12013,400.43,No Logo
12014,400.47,No Logo
12015,400.5,No Logo
12016,400.53,No Logo
12017,400.57,No Logo
12018,400.6,No Logo
12019,400.63,No Logo
12020,400.67,No Logo
12021,400.7,No Logo
12022,400.73,No Logo
12023,400.77,No Logo
12024,400.8,No Logo
12025,400.83,No Logo
12026,400.87,No Logo
12027,400.9,No Logo
12028,400.93,No Logo
12029,400.97,No Logo
12030,401.0,No Logo
12031,401.03,No Logo
12032,401.07,No Logo
12033,401.1,No Logo
12034,401.13,No Logo
12035,401.17,No Logo
12036,401.2,No Logo
12037,401.23,No Logo
12038,401.27,No Logo
12039,401.3,No Logo
12040,401.33,No Logo
12041,401.37,No Logo
12042,401.4,No Logo
12043,401.43,No Logo
12044,401.47,No Logo
12045,401.5,No Logo
12046,401.53,No Logo
12047,401.57,No Logo
12048,401.6,No Logo
12049,401.63,No Logo
12050,401.67,No Logo
12051,401.7,No Logo
12052,401.73,No Logo
12053,401.77,No Logo
12054,401.8,No Logo
12055,401.83,No Logo
12056,401.87,No Logo
12057,401.9,No Logo
12058,401.93,No Logo
12059,401.97,No Logo
12060,402.0,No Logo
12061,402.03,No Logo
12062,402.07,No Logo
12063,402.1,No Logo
12064,402.13,No Logo
12065,402.17,No Logo
12066,402.2,No Logo
12067,402.23,No Logo
12068,402.27,No Logo
12069,402.3,No Logo
12070,402.33,No Logo
12071,402.37,No Logo
12072,402.4,No Logo
12073,402.43,No Logo
12074,402.47,No Logo
12075,402.5,No Logo
12076,402.53,No Logo
12077,402.57,No Logo
12078,402.6,No Logo
12079,402.63,No Logo
12080,402.67,No Logo
12081,402.7,No Logo
12082,402.73,No Logo
12083,402.77,No Logo
12084,402.8,No Logo
12085,402.83,No Logo
12086,402.87,No Logo
12087,402.9,No Logo
12088,402.93,No Logo
12089,402.97,No Logo
12090,403.0,No Logo
12091,403.03,No Logo
12092,403.07,No Logo
12093,403.1,No Logo
12094,403.13,No Logo
12095,403.17,No Logo
12096,403.2,No Logo
12097,403.23,No Logo
12098,403.27,No Logo
12099,403.3,No Logo
12100,403.33,No Logo
12101,403.37,No Logo
12102,403.4,No Logo
12103,403.43,No Logo
12104,403.47,No Logo
12105,403.5,No Logo
12106,403.53,No Logo
12107,403.57,No Logo
12108,403.6,No Logo
12109,403.63,No Logo
12110,403.67,No Logo
12111,403.7,No Logo
12112,403.73,No Logo
12113,403.77,No Logo
12114,403.8,No Logo
12115,403.83,No Logo
12116,403.87,No Logo
12117,403.9,Fully Visible
12118,403.93,Fully Visible
12119,403.97,Fully Visible
12120,404.0,Fully Visible
12121,404.03,Fully Visible
12122,404.07,Fully Visible
12123,404.1,Fully Visible
12124,404.13,Fully Visible
12125,404.17,Fully Visible
12126,404.2,Fully Visible
12127,404.23,Fully Visible
12128,404.27,Fully Visible
12129,404.3,Fully Visible
12130,404.33,Fully Visible
12131,404.37,Fully Visible
12132,404.4,Fully Visible
12133,404.43,Fully Visible
12134,404.47,Fully Visible
12135,404.5,Fully Visible
12136,404.53,Fully Visible
12137,404.57,Fully Visible
12138,404.6,Fully Visible
12139,404.63,Fully Visible
12140,404.67,No Logo
12141,404.7,Fully Visible
12142,404.73,No Logo
12143,404.77,Fully Visible
12144,404.8,Fully Visible
12145,404.83,Fully Visible
12146,404.87,No Logo
12147,404.9,No Logo
12148,404.93,Fully Visible
12149,404.97,No Logo
12150,405.0,No Logo
12151,405.03,No Logo
12152,405.07,No Logo
12153,405.1,No Logo
12154,405.13,Fully Visible
12155,405.17,No Logo
12156,405.2,Fully Visible
12157,405.23,Fully Visible
12158,405.27,No Logo
12159,405.3,No Logo
12160,405.33,No Logo
12161,405.37,No Logo
12162,405.4,No Logo
12163,405.43,No Logo
12164,405.47,No Logo
12165,405.5,No Logo
12166,405.53,No Logo
12167,405.57,No Logo
12168,405.6,No Logo
12169,405.63,No Logo
12170,405.67,No Logo
12171,405.7,No Logo
12172,405.73,No Logo
12173,405.77,No Logo
12174,405.8,No Logo
12175,405.83,No Logo
12176,405.87,No Logo
12177,405.9,No Logo
12178,405.93,No Logo
12179,405.97,No Logo
12180,406.0,No Logo
12181,406.03,No Logo
12182,406.07,No Logo
12183,406.1,No Logo
12184,406.13,No Logo
12185,406.17,No Logo
12186,406.2,No Logo
12187,406.23,No Logo
12188,406.27,No Logo
12189,406.3,No Logo
12190,406.33,No Logo
12191,406.37,No Logo
12192,406.4,No Logo
12193,406.43,No Logo
12194,406.47,No Logo
12195,406.5,No Logo
12196,406.53,No Logo
12197,406.57,No Logo
12198,406.6,No Logo
12199,406.63,No Logo
12200,406.67,No Logo
12201,406.7,No Logo
12202,406.73,No Logo
12203,406.77,No Logo
12204,406.8,No Logo
12205,406.83,No Logo
12206,406.87,No Logo
12207,406.9,No Logo
12208,406.93,No Logo
12209,406.97,No Logo
12210,407.0,No Logo
12211,407.03,No Logo
12212,407.07,No Logo
12213,407.1,No Logo
12214,407.13,No Logo
12215,407.17,No Logo
12216,407.2,No Logo
12217,407.23,No Logo
12218,407.27,No Logo
12219,407.3,No Logo
12220,407.33,No Logo
12221,407.37,No Logo
12222,407.4,No Logo
12223,407.43,No Logo
12224,407.47,No Logo
12225,407.5,No Logo
12226,407.53,No Logo
12227,407.57,No Logo
12228,407.6,No Logo
12229,407.63,No Logo
12230,407.67,No Logo
12231,407.7,No Logo
12232,407.73,No Logo
12233,407.77,No Logo
12234,407.8,No Logo
12235,407.83,No Logo
12236,407.87,No Logo
12237,407.9,No Logo
12238,407.93,No Logo
12239,407.97,No Logo
12240,408.0,No Logo
12241,408.03,No Logo
12242,408.07,No Logo
12243,408.1,No Logo
12244,408.13,No Logo
12245,408.17,No Logo
12246,408.2,No Logo
12247,408.23,No Logo
12248,408.27,No Logo
12249,408.3,No Logo
12250,408.33,No Logo
12251,408.37,No Logo
12252,408.4,No Logo
12253,408.43,No Logo
12254,408.47,No Logo
12255,408.5,No Logo
12256,408.53,No Logo
12257,408.57,No Logo
12258,408.6,No Logo
12259,408.63,No Logo
12260,408.67,No Logo
12261,408.7,No Logo
12262,408.73,No Logo
12263,408.77,No Logo
12264,408.8,No Logo
12265,408.83,No Logo
12266,408.87,No Logo
12267,408.9,No Logo
12268,408.93,No Logo
12269,408.97,No Logo
12270,409.0,No Logo
12271,409.03,No Logo
12272,409.07,No Logo
12273,409.1,No Logo
12274,409.13,No Logo
12275,409.17,No Logo
12276,409.2,No Logo
12277,409.23,No Logo
12278,409.27,No Logo
12279,409.3,No Logo
12280,409.33,No Logo
12281,409.37,No Logo
12282,409.4,No Logo
12283,409.43,No Logo
12284,409.47,No Logo
12285,409.5,No Logo
12286,409.53,No Logo
12287,409.57,No Logo
12288,409.6,No Logo
12289,409.63,No Logo
12290,409.67,No Logo
12291,409.7,No Logo
12292,409.73,No Logo
12293,409.77,No Logo
12294,409.8,No Logo
12295,409.83,No Logo
12296,409.87,No Logo
12297,409.9,No Logo
12298,409.93,No Logo
12299,409.97,No Logo
12300,410.0,No Logo
12301,410.03,No Logo
12302,410.07,No Logo
12303,410.1,No Logo
12304,410.13,Fully Visible
12305,410.17,No Logo
12306,410.2,Fully Visible
12307,410.23,Fully Visible
12308,410.27,Fully Visible
12309,410.3,Fully Visible
12310,410.33,Fully Visible
12311,410.37,Fully Visible
12312,410.4,No Logo
12313,410.43,No Logo
12314,410.47,Fully Visible
12315,410.5,No Logo
12316,410.53,No Logo
12317,410.57,No Logo
12318,410.6,No Logo
12319,410.63,No Logo
12320,410.67,No Logo
12321,410.7,No Logo
12322,410.73,No Logo
12323,410.77,No Logo
12324,410.8,No Logo
12325,410.83,No Logo
12326,410.87,No Logo
12327,410.9,No Logo
12328,410.93,No Logo
12329,410.97,No Logo
12330,411.0,No Logo
12331,411.03,No Logo
12332,411.07,No Logo
12333,411.1,No Logo
12334,411.13,No Logo
12335,411.17,No Logo
12336,411.2,No Logo
12337,411.23,No Logo
12338,411.27,No Logo
12339,411.3,No Logo
12340,411.33,No Logo
12341,411.37,No Logo
12342,411.4,No Logo
12343,411.43,No Logo
12344,411.47,No Logo
12345,411.5,No Logo
12346,411.53,No Logo
12347,411.57,No Logo
12348,411.6,No Logo
12349,411.63,No Logo
12350,411.67,No Logo
12351,411.7,No Logo
12352,411.73,No Logo
12353,411.77,No Logo
12354,411.8,No Logo
12355,411.83,No Logo
12356,411.87,No Logo
12357,411.9,No Logo
12358,411.93,No Logo
12359,411.97,No Logo
12360,412.0,No Logo
12361,412.03,No Logo
12362,412.07,No Logo
12363,412.1,No Logo
12364,412.13,No Logo
12365,412.17,No Logo
12366,412.2,No Logo
12367,412.23,No Logo
12368,412.27,No Logo
12369,412.3,No Logo
12370,412.33,No Logo
12371,412.37,No Logo
12372,412.4,No Logo
12373,412.43,No Logo
12374,412.47,No Logo
12375,412.5,No Logo
12376,412.53,No Logo
12377,412.57,No Logo
12378,412.6,No Logo
12379,412.63,No Logo
12380,412.67,No Logo
12381,412.7,No Logo
12382,412.73,No Logo
12383,412.77,No Logo
12384,412.8,No Logo
12385,412.83,No Logo
12386,412.87,No Logo
12387,412.9,No Logo
12388,412.93,No Logo
12389,412.97,No Logo
12390,413.0,No Logo
12391,413.03,No Logo
12392,413.07,No Logo
12393,413.1,No Logo
12394,413.13,No Logo
12395,413.17,No Logo
12396,413.2,No Logo
12397,413.23,No Logo
12398,413.27,No Logo
12399,413.3,No Logo
12400,413.33,No Logo
12401,413.37,No Logo
12402,413.4,No Logo
12403,413.43,No Logo
12404,413.47,No Logo
12405,413.5,No Logo
12406,413.53,No Logo
12407,413.57,No Logo
12408,413.6,No Logo
12409,413.63,No Logo
12410,413.67,No Logo
12411,413.7,No Logo
12412,413.73,No Logo
12413,413.77,No Logo
12414,413.8,No Logo
12415,413.83,No Logo
12416,413.87,No Logo
12417,413.9,No Logo
12418,413.93,No Logo
12419,413.97,No Logo
12420,414.0,No Logo
12421,414.03,No Logo
12422,414.07,No Logo
12423,414.1,No Logo
12424,414.13,No Logo
12425,414.17,No Logo
12426,414.2,No Logo
12427,414.23,No Logo
12428,414.27,No Logo
12429,414.3,No Logo
12430,414.33,No Logo
12431,414.37,No Logo
12432,414.4,No Logo
12433,414.43,No Logo
12434,414.47,No Logo
12435,414.5,No Logo
12436,414.53,No Logo
12437,414.57,No Logo
12438,414.6,No Logo
12439,414.63,No Logo
12440,414.67,No Logo
12441,414.7,No Logo
12442,414.73,No Logo
12443,414.77,No Logo
12444,414.8,No Logo
12445,414.83,No Logo
12446,414.87,No Logo
12447,414.9,No Logo
12448,414.93,No Logo
12449,414.97,No Logo
12450,415.0,No Logo
12451,415.03,No Logo
12452,415.07,No Logo
12453,415.1,No Logo
12454,415.13,No Logo
12455,415.17,No Logo
12456,415.2,No Logo
12457,415.23,No Logo
12458,415.27,No Logo
12459,415.3,No Logo
12460,415.33,No Logo
12461,415.37,No Logo
12462,415.4,No Logo
12463,415.43,No Logo
12464,415.47,No Logo
12465,415.5,No Logo
12466,415.53,No Logo
12467,415.57,No Logo
12468,415.6,No Logo
12469,415.63,No Logo
12470,415.67,No Logo
12471,415.7,No Logo
12472,415.73,No Logo
12473,415.77,No Logo
12474,415.8,No Logo
12475,415.83,No Logo
12476,415.87,No Logo
12477,415.9,No Logo
12478,415.93,No Logo
12479,415.97,No Logo
12480,416.0,No Logo
12481,416.03,No Logo
12482,416.07,No Logo
12483,416.1,No Logo
12484,416.13,No Logo
12485,416.17,No Logo
12486,416.2,No Logo
12487,416.23,No Logo
12488,416.27,No Logo
12489,416.3,No Logo
12490,416.33,No Logo
12491,416.37,No Logo
12492,416.4,No Logo
12493,416.43,No Logo
12494,416.47,No Logo
12495,416.5,No Logo
12496,416.53,No Logo
12497,416.57,No Logo
12498,416.6,No Logo
12499,416.63,No Logo
12500,416.67,No Logo
12501,416.7,No Logo
12502,416.73,No Logo
12503,416.77,No Logo
12504,416.8,No Logo
12505,416.83,No Logo
12506,416.87,No Logo
12507,416.9,No Logo
12508,416.93,No Logo
12509,416.97,No Logo
12510,417.0,No Logo
12511,417.03,No Logo
12512,417.07,No Logo
12513,417.1,No Logo
12514,417.13,No Logo
12515,417.17,No Logo
12516,417.2,No Logo
12517,417.23,No Logo
12518,417.27,No Logo
12519,417.3,No Logo
12520,417.33,No Logo
12521,417.37,No Logo
12522,417.4,No Logo
12523,417.43,No Logo
12524,417.47,No Logo
12525,417.5,No Logo
12526,417.53,No Logo
12527,417.57,No Logo
12528,417.6,No Logo
12529,417.63,No Logo
12530,417.67,No Logo
12531,417.7,No Logo
12532,417.73,No Logo
12533,417.77,No Logo
12534,417.8,No Logo
12535,417.83,No Logo
12536,417.87,No Logo
12537,417.9,No Logo
12538,417.93,No Logo
12539,417.97,No Logo
12540,418.0,No Logo
12541,418.03,No Logo
12542,418.07,No Logo
12543,418.1,No Logo
12544,418.13,No Logo
12545,418.17,No Logo
12546,418.2,No Logo
12547,418.23,No Logo
12548,418.27,No Logo
12549,418.3,No Logo
12550,418.33,No Logo
12551,418.37,No Logo
12552,418.4,No Logo
12553,418.43,No Logo
12554,418.47,No Logo
12555,418.5,No Logo
12556,418.53,No Logo
12557,418.57,No Logo
12558,418.6,No Logo
12559,418.63,No Logo
12560,418.67,No Logo
12561,418.7,No Logo
12562,418.73,No Logo
12563,418.77,No Logo
12564,418.8,No Logo
12565,418.83,No Logo
12566,418.87,No Logo
12567,418.9,No Logo
12568,418.93,No Logo
12569,418.97,No Logo
12570,419.0,No Logo
12571,419.03,No Logo
12572,419.07,No Logo
12573,419.1,No Logo
12574,419.13,No Logo
12575,419.17,No Logo
12576,419.2,No Logo
12577,419.23,No Logo
12578,419.27,No Logo
12579,419.3,No Logo
12580,419.33,No Logo
12581,419.37,No Logo
12582,419.4,No Logo
12583,419.43,No Logo
12584,419.47,No Logo
12585,419.5,No Logo
12586,419.53,No Logo
12587,419.57,No Logo
12588,419.6,No Logo
12589,419.63,No Logo
12590,419.67,No Logo
12591,419.7,No Logo
12592,419.73,No Logo
12593,419.77,No Logo
12594,419.8,No Logo
12595,419.83,No Logo
12596,419.87,No Logo
12597,419.9,No Logo
12598,419.93,No Logo
12599,419.97,No Logo
12600,420.0,No Logo
12601,420.03,No Logo
12602,420.07,No Logo
12603,420.1,No Logo
12604,420.13,No Logo
12605,420.17,No Logo
12606,420.2,No Logo
12607,420.23,No Logo
12608,420.27,No Logo
12609,420.3,No Logo
12610,420.33,No Logo
12611,420.37,No Logo
12612,420.4,No Logo
12613,420.43,No Logo
12614,420.47,No Logo
12615,420.5,No Logo
12616,420.53,No Logo
12617,420.57,No Logo
12618,420.6,No Logo
12619,420.63,No Logo
12620,420.67,No Logo
12621,420.7,No Logo
12622,420.73,No Logo
12623,420.77,No Logo
12624,420.8,No Logo
12625,420.83,No Logo
12626,420.87,No Logo
12627,420.9,No Logo
12628,420.93,No Logo
12629,420.97,No Logo
12630,421.0,No Logo
12631,421.03,No Logo
12632,421.07,No Logo
12633,421.1,No Logo
12634,421.13,No Logo
12635,421.17,No Logo
12636,421.2,No Logo
12637,421.23,No Logo
12638,421.27,No Logo
12639,421.3,No Logo
12640,421.33,No Logo
12641,421.37,No Logo
12642,421.4,No Logo
12643,421.43,No Logo
12644,421.47,No Logo
12645,421.5,No Logo
12646,421.53,No Logo
12647,421.57,No Logo
12648,421.6,No Logo
12649,421.63,No Logo
12650,421.67,No Logo
12651,421.7,No Logo
12652,421.73,No Logo
12653,421.77,No Logo
12654,421.8,No Logo
12655,421.83,No Logo
12656,421.87,No Logo
12657,421.9,No Logo
12658,421.93,No Logo
12659,421.97,No Logo
12660,422.0,No Logo
12661,422.03,No Logo
12662,422.07,No Logo
12663,422.1,No Logo
12664,422.13,No Logo
12665,422.17,No Logo
12666,422.2,No Logo
12667,422.23,No Logo
12668,422.27,No Logo
12669,422.3,No Logo
12670,422.33,No Logo
12671,422.37,No Logo
12672,422.4,No Logo
12673,422.43,No Logo
12674,422.47,No Logo
12675,422.5,No Logo
12676,422.53,No Logo
12677,422.57,No Logo
12678,422.6,No Logo
12679,422.63,No Logo
12680,422.67,No Logo
12681,422.7,No Logo
12682,422.73,No Logo
12683,422.77,No Logo
12684,422.8,No Logo
12685,422.83,No Logo
12686,422.87,No Logo
12687,422.9,No Logo
12688,422.93,No Logo
12689,422.97,No Logo
12690,423.0,No Logo
12691,423.03,No Logo
12692,423.07,No Logo
12693,423.1,No Logo
12694,423.13,No Logo
12695,423.17,No Logo
12696,423.2,No Logo
12697,423.23,No Logo
12698,423.27,No Logo
12699,423.3,No Logo
12700,423.33,No Logo
12701,423.37,No Logo
12702,423.4,No Logo
12703,423.43,No Logo
12704,423.47,No Logo
12705,423.5,No Logo
12706,423.53,No Logo
12707,423.57,No Logo
12708,423.6,No Logo
12709,423.63,No Logo
12710,423.67,No Logo
12711,423.7,No Logo
12712,423.73,No Logo
12713,423.77,No Logo
12714,423.8,No Logo
12715,423.83,No Logo
12716,423.87,No Logo
12717,423.9,No Logo
12718,423.93,No Logo
12719,423.97,No Logo
12720,424.0,No Logo
12721,424.03,No Logo
12722,424.07,No Logo
12723,424.1,No Logo
12724,424.13,No Logo
12725,424.17,No Logo
12726,424.2,No Logo
12727,424.23,No Logo
12728,424.27,No Logo
12729,424.3,No Logo
12730,424.33,No Logo
12731,424.37,No Logo
12732,424.4,No Logo
12733,424.43,No Logo
12734,424.47,No Logo
12735,424.5,No Logo
12736,424.53,No Logo
12737,424.57,No Logo
12738,424.6,No Logo
12739,424.63,No Logo
12740,424.67,No Logo
12741,424.7,No Logo
12742,424.73,No Logo
12743,424.77,No Logo
12744,424.8,No Logo
12745,424.83,No Logo
12746,424.87,No Logo
12747,424.9,No Logo
12748,424.93,No Logo
12749,424.97,No Logo
12750,425.0,No Logo
12751,425.03,No Logo
12752,425.07,No Logo
12753,425.1,No Logo
12754,425.13,No Logo
12755,425.17,No Logo
12756,425.2,No Logo
12757,425.23,No Logo
12758,425.27,No Logo
12759,425.3,No Logo
12760,425.33,No Logo
12761,425.37,No Logo
12762,425.4,No Logo
12763,425.43,No Logo
12764,425.47,No Logo
12765,425.5,No Logo
12766,425.53,No Logo
12767,425.57,No Logo
12768,425.6,No Logo
12769,425.63,No Logo
12770,425.67,No Logo
12771,425.7,No Logo
12772,425.73,No Logo
12773,425.77,No Logo
12774,425.8,No Logo
12775,425.83,No Logo
12776,425.87,Fully Visible
12777,425.9,Fully Visible
12778,425.93,Partially Visible
12779,425.97,No Logo
12780,426.0,Partially Visible
12781,426.03,Partially Visible
12782,426.07,Partially Visible
12783,426.1,Partially Visible
12784,426.13,Partially Visible
12785,426.17,Partially Visible
12786,426.2,No Logo
12787,426.23,No Logo
12788,426.27,Partially Visible
12789,426.3,Partially Visible
12790,426.33,No Logo
12791,426.37,No Logo
12792,426.4,No Logo
12793,426.43,No Logo
12794,426.47,No Logo
12795,426.5,No Logo
12796,426.53,No Logo
12797,426.57,No Logo
12798,426.6,No Logo
12799,426.63,No Logo
12800,426.67,No Logo
12801,426.7,No Logo
12802,426.73,No Logo
12803,426.77,No Logo
12804,426.8,No Logo
12805,426.83,No Logo
12806,426.87,No Logo
12807,426.9,No Logo
12808,426.93,No Logo
12809,426.97,No Logo
12810,427.0,No Logo
12811,427.03,No Logo
12812,427.07,No Logo
12813,427.1,No Logo
12814,427.13,No Logo
12815,427.17,No Logo
12816,427.2,No Logo
12817,427.23,No Logo
12818,427.27,No Logo
12819,427.3,No Logo
12820,427.33,No Logo
12821,427.37,No Logo
12822,427.4,No Logo
12823,427.43,No Logo
12824,427.47,No Logo
12825,427.5,No Logo
12826,427.53,No Logo
12827,427.57,No Logo
12828,427.6,No Logo
12829,427.63,No Logo
12830,427.67,No Logo
12831,427.7,No Logo
12832,427.73,No Logo
12833,427.77,No Logo
12834,427.8,No Logo
12835,427.83,No Logo
12836,427.87,No Logo
12837,427.9,No Logo
12838,427.93,No Logo
12839,427.97,No Logo
12840,428.0,No Logo
12841,428.03,No Logo
12842,428.07,No Logo
12843,428.1,No Logo
12844,428.13,No Logo
12845,428.17,No Logo
12846,428.2,No Logo
12847,428.23,No Logo
12848,428.27,No Logo
12849,428.3,No Logo
12850,428.33,No Logo
12851,428.37,No Logo
12852,428.4,No Logo
12853,428.43,No Logo
12854,428.47,No Logo
12855,428.5,No Logo
12856,428.53,No Logo
12857,428.57,No Logo
12858,428.6,No Logo
12859,428.63,No Logo
12860,428.67,No Logo
12861,428.7,No Logo
12862,428.73,No Logo
12863,428.77,No Logo
12864,428.8,No Logo
12865,428.83,No Logo
12866,428.87,No Logo
12867,428.9,No Logo
12868,428.93,No Logo
12869,428.97,No Logo
12870,429.0,No Logo
12871,429.03,No Logo
12872,429.07,No Logo
12873,429.1,No Logo
12874,429.13,No Logo
12875,429.17,No Logo
12876,429.2,No Logo
12877,429.23,No Logo
12878,429.27,No Logo
12879,429.3,No Logo
12880,429.33,No Logo
12881,429.37,No Logo
12882,429.4,No Logo
12883,429.43,No Logo
12884,429.47,No Logo
12885,429.5,No Logo
12886,429.53,No Logo
12887,429.57,No Logo
12888,429.6,No Logo
12889,429.63,No Logo
12890,429.67,No Logo
12891,429.7,No Logo
12892,429.73,No Logo
12893,429.77,No Logo
12894,429.8,No Logo
12895,429.83,No Logo
12896,429.87,No Logo
12897,429.9,No Logo
12898,429.93,No Logo
12899,429.97,No Logo
12900,430.0,No Logo
12901,430.03,No Logo
12902,430.07,No Logo
12903,430.1,No Logo
12904,430.13,No Logo
12905,430.17,No Logo
12906,430.2,No Logo
12907,430.23,No Logo
12908,430.27,No Logo
12909,430.3,No Logo
12910,430.33,No Logo
12911,430.37,No Logo
12912,430.4,No Logo
12913,430.43,No Logo
12914,430.47,No Logo
12915,430.5,No Logo
12916,430.53,No Logo
12917,430.57,No Logo
12918,430.6,No Logo
12919,430.63,No Logo
12920,430.67,No Logo
12921,430.7,No Logo
12922,430.73,No Logo
12923,430.77,No Logo
12924,430.8,No Logo
12925,430.83,No Logo
12926,430.87,No Logo
12927,430.9,No Logo
12928,430.93,No Logo
12929,430.97,No Logo
12930,431.0,No Logo
12931,431.03,No Logo
12932,431.07,No Logo
12933,431.1,No Logo
12934,431.13,No Logo
12935,431.17,No Logo
12936,431.2,Fully Visible
12937,431.23,Fully Visible
12938,431.27,Fully Visible
12939,431.3,Fully Visible
12940,431.33,Fully Visible
12941,431.37,Fully Visible
12942,431.4,Fully Visible
12943,431.43,Fully Visible
12944,431.47,Fully Visible
12945,431.5,Fully Visible
12946,431.53,Fully Visible
12947,431.57,Fully Visible
12948,431.6,Fully Visible
12949,431.63,Fully Visible
12950,431.67,Fully Visible
12951,431.7,Fully Visible
12952,431.73,Fully Visible
12953,431.77,Fully Visible
12954,431.8,Fully Visible
12955,431.83,Fully Visible
12956,431.87,Fully Visible
12957,431.9,Fully Visible
12958,431.93,Fully Visible
12959,431.97,Fully Visible
12960,432.0,Fully Visible
12961,432.03,Fully Visible
12962,432.07,Fully Visible
12963,432.1,Fully Visible
12964,432.13,Fully Visible
12965,432.17,Fully Visible
12966,432.2,Fully Visible
12967,432.23,Fully Visible
12968,432.27,Fully Visible
12969,432.3,Fully Visible
12970,432.33,Fully Visible
12971,432.37,Fully Visible
12972,432.4,Fully Visible
12973,432.43,Fully Visible
12974,432.47,Fully Visible
12975,432.5,Fully Visible
12976,432.53,Fully Visible
12977,432.57,Fully Visible
12978,432.6,Fully Visible
12979,432.63,Fully Visible
12980,432.67,Fully Visible
12981,432.7,Fully Visible
12982,432.73,Fully Visible
12983,432.77,Fully Visible
12984,432.8,Fully Visible
12985,432.83,Fully Visible
12986,432.87,Fully Visible
12987,432.9,Fully Visible
12988,432.93,Fully Visible
12989,432.97,Fully Visible
12990,433.0,Fully Visible
12991,433.03,Fully Visible
12992,433.07,Fully Visible
12993,433.1,Fully Visible
12994,433.13,Fully Visible
12995,433.17,No Logo
12996,433.2,Fully Visible
12997,433.23,Fully Visible
12998,433.27,Fully Visible
12999,433.3,No Logo
13000,433.33,No Logo
13001,433.37,No Logo
13002,433.4,No Logo
13003,433.43,No Logo
13004,433.47,No Logo
13005,433.5,No Logo
13006,433.53,No Logo
13007,433.57,No Logo
13008,433.6,No Logo
13009,433.63,No Logo
13010,433.67,No Logo
13011,433.7,No Logo
13012,433.73,No Logo
13013,433.77,No Logo
13014,433.8,No Logo
13015,433.83,No Logo
13016,433.87,No Logo
13017,433.9,No Logo
13018,433.93,No Logo
13019,433.97,No Logo
13020,434.0,No Logo
13021,434.03,No Logo
13022,434.07,No Logo
13023,434.1,No Logo
13024,434.13,No Logo
13025,434.17,No Logo
13026,434.2,No Logo
13027,434.23,No Logo
13028,434.27,No Logo
13029,434.3,No Logo
13030,434.33,No Logo
13031,434.37,No Logo
13032,434.4,No Logo
13033,434.43,No Logo
13034,434.47,No Logo
13035,434.5,No Logo
13036,434.53,No Logo
13037,434.57,No Logo
13038,434.6,No Logo
13039,434.63,No Logo
13040,434.67,No Logo
13041,434.7,No Logo
13042,434.73,No Logo
13043,434.77,No Logo
13044,434.8,No Logo
13045,434.83,No Logo
13046,434.87,No Logo
13047,434.9,No Logo
13048,434.93,No Logo
13049,434.97,No Logo
13050,435.0,No Logo
13051,435.03,No Logo
13052,435.07,No Logo
13053,435.1,No Logo
13054,435.13,No Logo
13055,435.17,No Logo
13056,435.2,No Logo
13057,435.23,No Logo
13058,435.27,No Logo
13059,435.3,No Logo
13060,435.33,No Logo
13061,435.37,No Logo
13062,435.4,No Logo
13063,435.43,No Logo
13064,435.47,No Logo
13065,435.5,No Logo
13066,435.53,No Logo
13067,435.57,No Logo
13068,435.6,No Logo
13069,435.63,No Logo
13070,435.67,No Logo
13071,435.7,No Logo
13072,435.73,No Logo
13073,435.77,No Logo
13074,435.8,No Logo
13075,435.83,No Logo
13076,435.87,No Logo
13077,435.9,No Logo
13078,435.93,No Logo
13079,435.97,No Logo
13080,436.0,No Logo
13081,436.03,No Logo
13082,436.07,No Logo
13083,436.1,Fully Visible
13084,436.13,Fully Visible
13085,436.17,Fully Visible
13086,436.2,No Logo
13087,436.23,No Logo
13088,436.27,Fully Visible
13089,436.3,Partially Visible
13090,436.33,Partially Visible
13091,436.37,Partially Visible
13092,436.4,Partially Visible
13093,436.43,Partially Visible
13094,436.47,Partially Visible
13095,436.5,Partially Visible
13096,436.53,No Logo
13097,436.57,Partially Visible
13098,436.6,Partially Visible
13099,436.63,Partially Visible
13100,436.67,Partially Visible
13101,436.7,No Logo
13102,436.73,No Logo
13103,436.77,No Logo
13104,436.8,No Logo
13105,436.83,No Logo
13106,436.87,No Logo
13107,436.9,No Logo
13108,436.93,No Logo
13109,436.97,No Logo
13110,437.0,No Logo
13111,437.03,No Logo
13112,437.07,No Logo
13113,437.1,No Logo
13114,437.13,No Logo
13115,437.17,No Logo
13116,437.2,No Logo
13117,437.23,No Logo
13118,437.27,No Logo
13119,437.3,No Logo
13120,437.33,No Logo
13121,437.37,No Logo
13122,437.4,No Logo
13123,437.43,No Logo
13124,437.47,No Logo
13125,437.5,No Logo
13126,437.53,No Logo
13127,437.57,No Logo
13128,437.6,No Logo
13129,437.63,No Logo
13130,437.67,No Logo
13131,437.7,No Logo
13132,437.73,No Logo
13133,437.77,No Logo
13134,437.8,No Logo
13135,437.83,No Logo
13136,437.87,No Logo
13137,437.9,No Logo
13138,437.93,No Logo
13139,437.97,No Logo
13140,438.0,No Logo
13141,438.03,No Logo
13142,438.07,No Logo
13143,438.1,No Logo
13144,438.13,No Logo
13145,438.17,No Logo
13146,438.2,No Logo
13147,438.23,No Logo
13148,438.27,No Logo
13149,438.3,No Logo
13150,438.33,No Logo
13151,438.37,No Logo
13152,438.4,No Logo
13153,438.43,No Logo
13154,438.47,No Logo
13155,438.5,No Logo
13156,438.53,No Logo
13157,438.57,No Logo
13158,438.6,No Logo
13159,438.63,No Logo
13160,438.67,No Logo
13161,438.7,No Logo
13162,438.73,No Logo
13163,438.77,No Logo
13164,438.8,No Logo
13165,438.83,No Logo
13166,438.87,No Logo
13167,438.9,No Logo
13168,438.93,No Logo
13169,438.97,No Logo
13170,439.0,No Logo
13171,439.03,No Logo
13172,439.07,No Logo
13173,439.1,No Logo
13174,439.13,No Logo
13175,439.17,No Logo
13176,439.2,No Logo
13177,439.23,No Logo
13178,439.27,No Logo
13179,439.3,No Logo
13180,439.33,No Logo
13181,439.37,No Logo
13182,439.4,No Logo
13183,439.43,No Logo
13184,439.47,No Logo
13185,439.5,No Logo
13186,439.53,No Logo
13187,439.57,No Logo
13188,439.6,No Logo
13189,439.63,No Logo
13190,439.67,No Logo
13191,439.7,No Logo
13192,439.73,No Logo
13193,439.77,No Logo
13194,439.8,No Logo
13195,439.83,No Logo
13196,439.87,No Logo
13197,439.9,No Logo
13198,439.93,No Logo
13199,439.97,No Logo
13200,440.0,No Logo
13201,440.03,No Logo
13202,440.07,No Logo
13203,440.1,No Logo
13204,440.13,No Logo
13205,440.17,No Logo
13206,440.2,No Logo
13207,440.23,No Logo
13208,440.27,No Logo
13209,440.3,No Logo
13210,440.33,No Logo
13211,440.37,No Logo
13212,440.4,No Logo
13213,440.43,No Logo
13214,440.47,No Logo
13215,440.5,No Logo
13216,440.53,No Logo
13217,440.57,No Logo
13218,440.6,No Logo
13219,440.63,No Logo
13220,440.67,No Logo
13221,440.7,No Logo
13222,440.73,No Logo
13223,440.77,No Logo
13224,440.8,No Logo
13225,440.83,No Logo
13226,440.87,No Logo
13227,440.9,No Logo
13228,440.93,No Logo
13229,440.97,No Logo
13230,441.0,No Logo
13231,441.03,No Logo
13232,441.07,No Logo
13233,441.1,No Logo
13234,441.13,No Logo
13235,441.17,No Logo
13236,441.2,No Logo
13237,441.23,No Logo
13238,441.27,No Logo
13239,441.3,No Logo
13240,441.33,No Logo
13241,441.37,No Logo
13242,441.4,No Logo
13243,441.43,No Logo
13244,441.47,No Logo
13245,441.5,No Logo
13246,441.53,No Logo
13247,441.57,No Logo
13248,441.6,No Logo
13249,441.63,No Logo
13250,441.67,No Logo
13251,441.7,No Logo
13252,441.73,Fully Visible
13253,441.77,Fully Visible
13254,441.8,Fully Visible
13255,441.83,Fully Visible
13256,441.87,Fully Visible
13257,441.9,Fully Visible
13258,441.93,Fully Visible
13259,441.97,Fully Visible
13260,442.0,Fully Visible
13261,442.03,Fully Visible
13262,442.07,Fully Visible
13263,442.1,Fully Visible
13264,442.13,Fully Visible
13265,442.17,Fully Visible
13266,442.2,Fully Visible
13267,442.23,Fully Visible
13268,442.27,Fully Visible
13269,442.3,Fully Visible
13270,442.33,Fully Visible
13271,442.37,Fully Visible
13272,442.4,Fully Visible
13273,442.43,Fully Visible
13274,442.47,Fully Visible
13275,442.5,Fully Visible
13276,442.53,Fully Visible
13277,442.57,Fully Visible
13278,442.6,Fully Visible
13279,442.63,Fully Visible
13280,442.67,Fully Visible
13281,442.7,Fully Visible
13282,442.73,Fully Visible
13283,442.77,Fully Visible
13284,442.8,Fully Visible
13285,442.83,Fully Visible
13286,442.87,Fully Visible
13287,442.9,Fully Visible
13288,442.93,Fully Visible
13289,442.97,Fully Visible
13290,443.0,Fully Visible
13291,443.03,Fully Visible
13292,443.07,Fully Visible
13293,443.1,Fully Visible
13294,443.13,Fully Visible
13295,443.17,Fully Visible
13296,443.2,Fully Visible
13297,443.23,Fully Visible
13298,443.27,Fully Visible
13299,443.3,Fully Visible
13300,443.33,Fully Visible
13301,443.37,Fully Visible
13302,443.4,Fully Visible
13303,443.43,Fully Visible
13304,443.47,Fully Visible
13305,443.5,Fully Visible
13306,443.53,Fully Visible
13307,443.57,Fully Visible
13308,443.6,Fully Visible
13309,443.63,Fully Visible
13310,443.67,Fully Visible
13311,443.7,Fully Visible
13312,443.73,No Logo
13313,443.77,Fully Visible
13314,443.8,Fully Visible
13315,443.83,Fully Visible
13316,443.87,Fully Visible
13317,443.9,No Logo
13318,443.93,No Logo
13319,443.97,Fully Visible
13320,444.0,No Logo
13321,444.03,No Logo
13322,444.07,No Logo
13323,444.1,No Logo
13324,444.13,No Logo
13325,444.17,Fully Visible
13326,444.2,No Logo
13327,444.23,No Logo
13328,444.27,No Logo
13329,444.3,No Logo
13330,444.33,No Logo
13331,444.37,No Logo
13332,444.4,No Logo
13333,444.43,No Logo
13334,444.47,No Logo
13335,444.5,No Logo
13336,444.53,No Logo
13337,444.57,No Logo
13338,444.6,No Logo
13339,444.63,No Logo
13340,444.67,No Logo
13341,444.7,No Logo
13342,444.73,No Logo
13343,444.77,No Logo
13344,444.8,No Logo
13345,444.83,No Logo
13346,444.87,Fully Visible
13347,444.9,No Logo
13348,444.93,No Logo
13349,444.97,No Logo
13350,445.0,No Logo
13351,445.03,No Logo
13352,445.07,No Logo
13353,445.1,No Logo
13354,445.13,No Logo
13355,445.17,No Logo
13356,445.2,No Logo
13357,445.23,No Logo
13358,445.27,No Logo
13359,445.3,No Logo
13360,445.33,Fully Visible
13361,445.37,Fully Visible
13362,445.4,Fully Visible
13363,445.43,Fully Visible
13364,445.47,Fully Visible
13365,445.5,Fully Visible
13366,445.53,Fully Visible
13367,445.57,Fully Visible
13368,445.6,No Logo
13369,445.63,No Logo
13370,445.67,No Logo
13371,445.7,No Logo
13372,445.73,No Logo
13373,445.77,No Logo
13374,445.8,No Logo
13375,445.83,No Logo
13376,445.87,No Logo
13377,445.9,No Logo
13378,445.93,No Logo
13379,445.97,No Logo
13380,446.0,No Logo
13381,446.03,No Logo
13382,446.07,No Logo
13383,446.1,No Logo
13384,446.13,No Logo
13385,446.17,No Logo
13386,446.2,No Logo
13387,446.23,No Logo
13388,446.27,No Logo
13389,446.3,No Logo
13390,446.33,No Logo
13391,446.37,No Logo
13392,446.4,No Logo
13393,446.43,No Logo
13394,446.47,No Logo
13395,446.5,No Logo
13396,446.53,No Logo
13397,446.57,No Logo
13398,446.6,No Logo
13399,446.63,No Logo
13400,446.67,No Logo
13401,446.7,No Logo
13402,446.73,No Logo
13403,446.77,No Logo
13404,446.8,No Logo
13405,446.83,No Logo
13406,446.87,No Logo
13407,446.9,No Logo
13408,446.93,No Logo
13409,446.97,No Logo
13410,447.0,No Logo
13411,447.03,No Logo
13412,447.07,No Logo
13413,447.1,No Logo
13414,447.13,No Logo
13415,447.17,No Logo
13416,447.2,No Logo
13417,447.23,No Logo
13418,447.27,No Logo
13419,447.3,No Logo
13420,447.33,No Logo
13421,447.37,No Logo
13422,447.4,No Logo
13423,447.43,No Logo
13424,447.47,Fully Visible
13425,447.5,Fully Visible
13426,447.53,Fully Visible
13427,447.57,Fully Visible
13428,447.6,Fully Visible
13429,447.63,Fully Visible
13430,447.67,Fully Visible
13431,447.7,Fully Visible
13432,447.73,Fully Visible
13433,447.77,Fully Visible
13434,447.8,Fully Visible
13435,447.83,Fully Visible
13436,447.87,Fully Visible
13437,447.9,Fully Visible
13438,447.93,Fully Visible
13439,447.97,Fully Visible
13440,448.0,Fully Visible
13441,448.03,Fully Visible
13442,448.07,Fully Visible
13443,448.1,Fully Visible
13444,448.13,Fully Visible
13445,448.17,Fully Visible
13446,448.2,Fully Visible
13447,448.23,Fully Visible
13448,448.27,Fully Visible
13449,448.3,No Logo
13450,448.33,No Logo
13451,448.37,No Logo
13452,448.4,No Logo
13453,448.43,No Logo
13454,448.47,No Logo
13455,448.5,No Logo
13456,448.53,No Logo
13457,448.57,No Logo
13458,448.6,No Logo
13459,448.63,No Logo
13460,448.67,No Logo
13461,448.7,No Logo
13462,448.73,No Logo
13463,448.77,No Logo
13464,448.8,No Logo
13465,448.83,No Logo
13466,448.87,No Logo
13467,448.9,No Logo
13468,448.93,No Logo
13469,448.97,No Logo
13470,449.0,No Logo
13471,449.03,No Logo
13472,449.07,No Logo
13473,449.1,No Logo
13474,449.13,No Logo
13475,449.17,No Logo
13476,449.2,No Logo
13477,449.23,No Logo
13478,449.27,No Logo
13479,449.3,No Logo
13480,449.33,No Logo
13481,449.37,No Logo
13482,449.4,No Logo
13483,449.43,No Logo
13484,449.47,No Logo
13485,449.5,No Logo
13486,449.53,No Logo
13487,449.57,No Logo
13488,449.6,No Logo
13489,449.63,No Logo
13490,449.67,No Logo
13491,449.7,No Logo
13492,449.73,No Logo
13493,449.77,No Logo
13494,449.8,No Logo
13495,449.83,No Logo
13496,449.87,No Logo
13497,449.9,No Logo
13498,449.93,No Logo
13499,449.97,No Logo
13500,450.0,No Logo
13501,450.03,No Logo
13502,450.07,No Logo
13503,450.1,No Logo
13504,450.13,No Logo
13505,450.17,No Logo
13506,450.2,No Logo
13507,450.23,No Logo
13508,450.27,No Logo
13509,450.3,No Logo
13510,450.33,No Logo
13511,450.37,No Logo
13512,450.4,No Logo
13513,450.43,No Logo
13514,450.47,No Logo
13515,450.5,No Logo
13516,450.53,No Logo
13517,450.57,No Logo
13518,450.6,No Logo
13519,450.63,No Logo
13520,450.67,No Logo
13521,450.7,No Logo
13522,450.73,No Logo
13523,450.77,No Logo
13524,450.8,No Logo
13525,450.83,No Logo
13526,450.87,No Logo
13527,450.9,No Logo
13528,450.93,No Logo
13529,450.97,No Logo
13530,451.0,No Logo
13531,451.03,No Logo
13532,451.07,No Logo
13533,451.1,No Logo
13534,451.13,No Logo
13535,451.17,No Logo
13536,451.2,No Logo
13537,451.23,No Logo
13538,451.27,No Logo
13539,451.3,No Logo
13540,451.33,No Logo
13541,451.37,No Logo
13542,451.4,No Logo
13543,451.43,No Logo
13544,451.47,No Logo
13545,451.5,No Logo
13546,451.53,No Logo
13547,451.57,No Logo
13548,451.6,No Logo
13549,451.63,No Logo
13550,451.67,No Logo
13551,451.7,No Logo
13552,451.73,No Logo
13553,451.77,No Logo
13554,451.8,No Logo
13555,451.83,No Logo
13556,451.87,No Logo
13557,451.9,No Logo
13558,451.93,No Logo
13559,451.97,No Logo
13560,452.0,No Logo
13561,452.03,No Logo
13562,452.07,No Logo
13563,452.1,No Logo
13564,452.13,No Logo
13565,452.17,No Logo
13566,452.2,No Logo
13567,452.23,No Logo
13568,452.27,No Logo
13569,452.3,No Logo
13570,452.33,No Logo
13571,452.37,No Logo
13572,452.4,No Logo
13573,452.43,No Logo
13574,452.47,No Logo
13575,452.5,No Logo
13576,452.53,No Logo
13577,452.57,No Logo
13578,452.6,No Logo
13579,452.63,No Logo
13580,452.67,No Logo
13581,452.7,No Logo
13582,452.73,No Logo
13583,452.77,No Logo
13584,452.8,No Logo
13585,452.83,No Logo
13586,452.87,No Logo
13587,452.9,No Logo
13588,452.93,No Logo
13589,452.97,No Logo
13590,453.0,No Logo
13591,453.03,No Logo
13592,453.07,No Logo
13593,453.1,No Logo
13594,453.13,No Logo
13595,453.17,No Logo
13596,453.2,No Logo
13597,453.23,No Logo
13598,453.27,No Logo
13599,453.3,No Logo
13600,453.33,No Logo
13601,453.37,No Logo
13602,453.4,No Logo
13603,453.43,No Logo
13604,453.47,No Logo
13605,453.5,No Logo
13606,453.53,No Logo
13607,453.57,No Logo
13608,453.6,No Logo
13609,453.63,No Logo
13610,453.67,No Logo
13611,453.7,No Logo
13612,453.73,No Logo
13613,453.77,No Logo
13614,453.8,No Logo
13615,453.83,No Logo
13616,453.87,No Logo
13617,453.9,No Logo
13618,453.93,No Logo
13619,453.97,No Logo
13620,454.0,No Logo
13621,454.03,No Logo
13622,454.07,No Logo
13623,454.1,No Logo
13624,454.13,No Logo
13625,454.17,No Logo
13626,454.2,No Logo
13627,454.23,No Logo
13628,454.27,No Logo
13629,454.3,No Logo
13630,454.33,No Logo
13631,454.37,No Logo
13632,454.4,No Logo
13633,454.43,No Logo
13634,454.47,No Logo
13635,454.5,No Logo
13636,454.53,No Logo
13637,454.57,No Logo
13638,454.6,No Logo
13639,454.63,No Logo
13640,454.67,No Logo
13641,454.7,No Logo
13642,454.73,No Logo
13643,454.77,No Logo
13644,454.8,No Logo
13645,454.83,No Logo
13646,454.87,No Logo
13647,454.9,No Logo
13648,454.93,No Logo
13649,454.97,No Logo
13650,455.0,No Logo
13651,455.03,No Logo
13652,455.07,No Logo
13653,455.1,No Logo
13654,455.13,No Logo
13655,455.17,No Logo
13656,455.2,No Logo
13657,455.23,No Logo
13658,455.27,No Logo
13659,455.3,No Logo
13660,455.33,No Logo
13661,455.37,No Logo
13662,455.4,No Logo
13663,455.43,No Logo
13664,455.47,No Logo
13665,455.5,No Logo
13666,455.53,No Logo
13667,455.57,No Logo
13668,455.6,No Logo
13669,455.63,No Logo
13670,455.67,No Logo
13671,455.7,No Logo
13672,455.73,No Logo
13673,455.77,No Logo
13674,455.8,No Logo
13675,455.83,No Logo
13676,455.87,No Logo
13677,455.9,No Logo
13678,455.93,No Logo
13679,455.97,No Logo
13680,456.0,No Logo
13681,456.03,No Logo
13682,456.07,No Logo
13683,456.1,Fully Visible
13684,456.13,Fully Visible
13685,456.17,Fully Visible
13686,456.2,Fully Visible
13687,456.23,Fully Visible
13688,456.27,Fully Visible
13689,456.3,Fully Visible
13690,456.33,Fully Visible
13691,456.37,Fully Visible
13692,456.4,Fully Visible
13693,456.43,Fully Visible
13694,456.47,Fully Visible
13695,456.5,Fully Visible
13696,456.53,Fully Visible
13697,456.57,Fully Visible
13698,456.6,Fully Visible
13699,456.63,Fully Visible
13700,456.67,Fully Visible
13701,456.7,Fully Visible
13702,456.73,Fully Visible
13703,456.77,Fully Visible
13704,456.8,Fully Visible
13705,456.83,Fully Visible
13706,456.87,Fully Visible
13707,456.9,Fully Visible
13708,456.93,Fully Visible
13709,456.97,Fully Visible
13710,457.0,Fully Visible
13711,457.03,Fully Visible
13712,457.07,Fully Visible
13713,457.1,Fully Visible
13714,457.13,Fully Visible
13715,457.17,Fully Visible
13716,457.2,Fully Visible
13717,457.23,Fully Visible
13718,457.27,No Logo
13719,457.3,No Logo
13720,457.33,No Logo
13721,457.37,No Logo
13722,457.4,No Logo
13723,457.43,No Logo
13724,457.47,No Logo
13725,457.5,No Logo
13726,457.53,No Logo
13727,457.57,No Logo
13728,457.6,No Logo
13729,457.63,No Logo
13730,457.67,No Logo
13731,457.7,No Logo
13732,457.73,No Logo
13733,457.77,No Logo
13734,457.8,No Logo
13735,457.83,No Logo
13736,457.87,No Logo
13737,457.9,No Logo
13738,457.93,No Logo
13739,457.97,No Logo
13740,458.0,No Logo
13741,458.03,No Logo
13742,458.07,No Logo
13743,458.1,No Logo
13744,458.13,No Logo
13745,458.17,No Logo
13746,458.2,No Logo
13747,458.23,No Logo
13748,458.27,No Logo
13749,458.3,No Logo
13750,458.33,No Logo
13751,458.37,No Logo
13752,458.4,No Logo
13753,458.43,No Logo
13754,458.47,No Logo
13755,458.5,No Logo
13756,458.53,No Logo
13757,458.57,No Logo
13758,458.6,No Logo
13759,458.63,No Logo
13760,458.67,No Logo
13761,458.7,No Logo
13762,458.73,No Logo
13763,458.77,No Logo
13764,458.8,No Logo
13765,458.83,No Logo
13766,458.87,No Logo
13767,458.9,No Logo
13768,458.93,No Logo
13769,458.97,No Logo
13770,459.0,No Logo
13771,459.03,No Logo
13772,459.07,No Logo
13773,459.1,No Logo
13774,459.13,No Logo
13775,459.17,No Logo
13776,459.2,No Logo
13777,459.23,No Logo
13778,459.27,No Logo
13779,459.3,No Logo
13780,459.33,No Logo
13781,459.37,No Logo
13782,459.4,No Logo
13783,459.43,No Logo
13784,459.47,No Logo
13785,459.5,No Logo
13786,459.53,No Logo
13787,459.57,No Logo
13788,459.6,No Logo
13789,459.63,No Logo
13790,459.67,No Logo
13791,459.7,No Logo
13792,459.73,No Logo
13793,459.77,No Logo
13794,459.8,No Logo
13795,459.83,No Logo
13796,459.87,No Logo
13797,459.9,No Logo
13798,459.93,No Logo
13799,459.97,No Logo
13800,460.0,No Logo
13801,460.03,No Logo
13802,460.07,No Logo
13803,460.1,No Logo
13804,460.13,No Logo
13805,460.17,No Logo
13806,460.2,No Logo
13807,460.23,No Logo
13808,460.27,No Logo
13809,460.3,No Logo
13810,460.33,No Logo
13811,460.37,No Logo
13812,460.4,No Logo
13813,460.43,No Logo
13814,460.47,No Logo
13815,460.5,No Logo
13816,460.53,No Logo
13817,460.57,No Logo
13818,460.6,No Logo
13819,460.63,No Logo
13820,460.67,No Logo
13821,460.7,No Logo
13822,460.73,No Logo
13823,460.77,No Logo
13824,460.8,No Logo
13825,460.83,No Logo
13826,460.87,No Logo
13827,460.9,No Logo
13828,460.93,No Logo
13829,460.97,No Logo
13830,461.0,No Logo
13831,461.03,No Logo
13832,461.07,No Logo
13833,461.1,No Logo
13834,461.13,No Logo
13835,461.17,No Logo
13836,461.2,No Logo
13837,461.23,No Logo
13838,461.27,No Logo
13839,461.3,No Logo
13840,461.33,No Logo
13841,461.37,No Logo
13842,461.4,No Logo
13843,461.43,No Logo
13844,461.47,No Logo
13845,461.5,No Logo
13846,461.53,No Logo
13847,461.57,No Logo
13848,461.6,No Logo
13849,461.63,No Logo
13850,461.67,No Logo
13851,461.7,No Logo
13852,461.73,No Logo
13853,461.77,No Logo
13854,461.8,No Logo
13855,461.83,No Logo
13856,461.87,No Logo
13857,461.9,No Logo
13858,461.93,No Logo
13859,461.97,No Logo
13860,462.0,No Logo
13861,462.03,No Logo
13862,462.07,No Logo
13863,462.1,No Logo
13864,462.13,No Logo
13865,462.17,No Logo
13866,462.2,No Logo
13867,462.23,No Logo
13868,462.27,No Logo
13869,462.3,No Logo
13870,462.33,No Logo
13871,462.37,No Logo
13872,462.4,No Logo
13873,462.43,No Logo
13874,462.47,Fully Visible
13875,462.5,Fully Visible
13876,462.53,Fully Visible
13877,462.57,Fully Visible
13878,462.6,Fully Visible
13879,462.63,Fully Visible
13880,462.67,Fully Visible
13881,462.7,Fully Visible
13882,462.73,Fully Visible
13883,462.77,Fully Visible
13884,462.8,Fully Visible
13885,462.83,Fully Visible
13886,462.87,Fully Visible
13887,462.9,Fully Visible
13888,462.93,Fully Visible
13889,462.97,Fully Visible
13890,463.0,Fully Visible
13891,463.03,Fully Visible
13892,463.07,Fully Visible
13893,463.1,Fully Visible
13894,463.13,Fully Visible
13895,463.17,Fully Visible
13896,463.2,Fully Visible
13897,463.23,Fully Visible
13898,463.27,Fully Visible
13899,463.3,Fully Visible
13900,463.33,Fully Visible
13901,463.37,Fully Visible
13902,463.4,Fully Visible
13903,463.43,Fully Visible
13904,463.47,Fully Visible
13905,463.5,Fully Visible
13906,463.53,Fully Visible
13907,463.57,Fully Visible
13908,463.6,Fully Visible
13909,463.63,Fully Visible
13910,463.67,Fully Visible
13911,463.7,Fully Visible
13912,463.73,Fully Visible
13913,463.77,Fully Visible
13914,463.8,Fully Visible
13915,463.83,Fully Visible
13916,463.87,Fully Visible
13917,463.9,Fully Visible
13918,463.93,Fully Visible
13919,463.97,Fully Visible
13920,464.0,Fully Visible
13921,464.03,Fully Visible
13922,464.07,Fully Visible
13923,464.1,Fully Visible
13924,464.13,Fully Visible
13925,464.17,Fully Visible
13926,464.2,Fully Visible
13927,464.23,Fully Visible
13928,464.27,Fully Visible
13929,464.3,Fully Visible
13930,464.33,Fully Visible
13931,464.37,Fully Visible
13932,464.4,Fully Visible
13933,464.43,Fully Visible
13934,464.47,Fully Visible
13935,464.5,Fully Visible
13936,464.53,Fully Visible
13937,464.57,Fully Visible
13938,464.6,Fully Visible
13939,464.63,Fully Visible
13940,464.67,Fully Visible
13941,464.7,Fully Visible
13942,464.73,Fully Visible
13943,464.77,Fully Visible
13944,464.8,Fully Visible
13945,464.83,Fully Visible
13946,464.87,Fully Visible
13947,464.9,Fully Visible
13948,464.93,Fully Visible
13949,464.97,Fully Visible
13950,465.0,Fully Visible
13951,465.03,Fully Visible
13952,465.07,Fully Visible
13953,465.1,Fully Visible
13954,465.13,Fully Visible
13955,465.17,No Logo
13956,465.2,No Logo
13957,465.23,No Logo
13958,465.27,No Logo
13959,465.3,No Logo
13960,465.33,No Logo
13961,465.37,No Logo
13962,465.4,No Logo
13963,465.43,No Logo
13964,465.47,No Logo
13965,465.5,No Logo
13966,465.53,No Logo
13967,465.57,No Logo
13968,465.6,No Logo
13969,465.63,No Logo
13970,465.67,No Logo
13971,465.7,No Logo
13972,465.73,No Logo
13973,465.77,No Logo
13974,465.8,No Logo
13975,465.83,No Logo
13976,465.87,No Logo
13977,465.9,No Logo
13978,465.93,No Logo
13979,465.97,No Logo
13980,466.0,No Logo
13981,466.03,No Logo
13982,466.07,No Logo
13983,466.1,No Logo
13984,466.13,No Logo
13985,466.17,No Logo
13986,466.2,No Logo
13987,466.23,No Logo
13988,466.27,No Logo
13989,466.3,No Logo
13990,466.33,No Logo
13991,466.37,No Logo
13992,466.4,No Logo
13993,466.43,No Logo
13994,466.47,No Logo
13995,466.5,No Logo
13996,466.53,No Logo
13997,466.57,No Logo
13998,466.6,No Logo
13999,466.63,No Logo
14000,466.67,No Logo
14001,466.7,No Logo
14002,466.73,No Logo
14003,466.77,No Logo
14004,466.8,No Logo
14005,466.83,No Logo
14006,466.87,No Logo
14007,466.9,No Logo
14008,466.93,No Logo
14009,466.97,No Logo
14010,467.0,No Logo
14011,467.03,No Logo
14012,467.07,No Logo
14013,467.1,No Logo
14014,467.13,No Logo
14015,467.17,No Logo
14016,467.2,No Logo
14017,467.23,No Logo
14018,467.27,No Logo
14019,467.3,No Logo
14020,467.33,No Logo
14021,467.37,No Logo
14022,467.4,No Logo
14023,467.43,No Logo
14024,467.47,No Logo
14025,467.5,No Logo
14026,467.53,No Logo
14027,467.57,No Logo
14028,467.6,No Logo
14029,467.63,No Logo
14030,467.67,No Logo
14031,467.7,No Logo
14032,467.73,No Logo
14033,467.77,No Logo
14034,467.8,No Logo
14035,467.83,No Logo
14036,467.87,No Logo
14037,467.9,No Logo
14038,467.93,No Logo
14039,467.97,No Logo
14040,468.0,No Logo
14041,468.03,No Logo
14042,468.07,No Logo
14043,468.1,No Logo
14044,468.13,No Logo
14045,468.17,No Logo
14046,468.2,No Logo
14047,468.23,No Logo
14048,468.27,No Logo
14049,468.3,No Logo
14050,468.33,No Logo
14051,468.37,No Logo
14052,468.4,No Logo
14053,468.43,No Logo
14054,468.47,No Logo
14055,468.5,No Logo
14056,468.53,No Logo
14057,468.57,No Logo
14058,468.6,No Logo
14059,468.63,No Logo
14060,468.67,No Logo
14061,468.7,No Logo
14062,468.73,No Logo
14063,468.77,No Logo
14064,468.8,No Logo
14065,468.83,No Logo
14066,468.87,No Logo
14067,468.9,No Logo
14068,468.93,No Logo
14069,468.97,No Logo
14070,469.0,No Logo
14071,469.03,No Logo
14072,469.07,No Logo
14073,469.1,No Logo
14074,469.13,No Logo
14075,469.17,No Logo
14076,469.2,No Logo
14077,469.23,No Logo
14078,469.27,No Logo
14079,469.3,No Logo
14080,469.33,No Logo
14081,469.37,No Logo
14082,469.4,No Logo
14083,469.43,No Logo
14084,469.47,No Logo
14085,469.5,No Logo
14086,469.53,No Logo
14087,469.57,No Logo
14088,469.6,No Logo
14089,469.63,No Logo
14090,469.67,No Logo
14091,469.7,No Logo
14092,469.73,No Logo
14093,469.77,No Logo
14094,469.8,No Logo
14095,469.83,No Logo
14096,469.87,No Logo
14097,469.9,No Logo
14098,469.93,No Logo
14099,469.97,No Logo
14100,470.0,Fully Visible
14101,470.03,Fully Visible
14102,470.07,No Logo
14103,470.1,No Logo
14104,470.13,No Logo
14105,470.17,No Logo
14106,470.2,No Logo
14107,470.23,No Logo
14108,470.27,No Logo
14109,470.3,No Logo
14110,470.33,No Logo
14111,470.37,No Logo
14112,470.4,No Logo
14113,470.43,No Logo
14114,470.47,No Logo
14115,470.5,No Logo
14116,470.53,No Logo
14117,470.57,No Logo
14118,470.6,No Logo
14119,470.63,No Logo
14120,470.67,No Logo
14121,470.7,No Logo
14122,470.73,No Logo
14123,470.77,No Logo
14124,470.8,No Logo
14125,470.83,No Logo
14126,470.87,No Logo
14127,470.9,No Logo
14128,470.93,No Logo
14129,470.97,No Logo
14130,471.0,No Logo
14131,471.03,No Logo
14132,471.07,No Logo
14133,471.1,No Logo
14134,471.13,No Logo
14135,471.17,No Logo
14136,471.2,No Logo
14137,471.23,No Logo
14138,471.27,No Logo
14139,471.3,No Logo
14140,471.33,No Logo
14141,471.37,No Logo
14142,471.4,No Logo
14143,471.43,No Logo
14144,471.47,No Logo
14145,471.5,No Logo
14146,471.53,No Logo
14147,471.57,No Logo
14148,471.6,No Logo
14149,471.63,No Logo
14150,471.67,No Logo
14151,471.7,No Logo
14152,471.73,No Logo
14153,471.77,No Logo
14154,471.8,No Logo
14155,471.83,No Logo
14156,471.87,No Logo
14157,471.9,No Logo
14158,471.93,No Logo
14159,471.97,No Logo
14160,472.0,No Logo
14161,472.03,No Logo
14162,472.07,No Logo
14163,472.1,No Logo
14164,472.13,No Logo
14165,472.17,No Logo
14166,472.2,No Logo
14167,472.23,No Logo
14168,472.27,No Logo
14169,472.3,No Logo
14170,472.33,No Logo
14171,472.37,No Logo
14172,472.4,No Logo
14173,472.43,No Logo
14174,472.47,No Logo
14175,472.5,No Logo
14176,472.53,No Logo
14177,472.57,No Logo
14178,472.6,No Logo
14179,472.63,No Logo
14180,472.67,No Logo
14181,472.7,No Logo
14182,472.73,No Logo
14183,472.77,No Logo
14184,472.8,No Logo
14185,472.83,No Logo
14186,472.87,No Logo
14187,472.9,No Logo
14188,472.93,No Logo
14189,472.97,No Logo
14190,473.0,No Logo
14191,473.03,No Logo
14192,473.07,No Logo
14193,473.1,No Logo
14194,473.13,No Logo
14195,473.17,No Logo
14196,473.2,No Logo
14197,473.23,No Logo
14198,473.27,No Logo
14199,473.3,No Logo
14200,473.33,No Logo
14201,473.37,No Logo
14202,473.4,No Logo
14203,473.43,No Logo
14204,473.47,No Logo
14205,473.5,No Logo
14206,473.53,No Logo
14207,473.57,No Logo
14208,473.6,No Logo
14209,473.63,No Logo
14210,473.67,No Logo
14211,473.7,No Logo
14212,473.73,No Logo
14213,473.77,No Logo
14214,473.8,No Logo
14215,473.83,No Logo
14216,473.87,No Logo
14217,473.9,No Logo
14218,473.93,No Logo
14219,473.97,No Logo
14220,474.0,No Logo
14221,474.03,No Logo
14222,474.07,No Logo
14223,474.1,No Logo
14224,474.13,No Logo
14225,474.17,No Logo
14226,474.2,No Logo
14227,474.23,No Logo
14228,474.27,No Logo
14229,474.3,No Logo
14230,474.33,No Logo
14231,474.37,No Logo
14232,474.4,No Logo
14233,474.43,No Logo
14234,474.47,No Logo
14235,474.5,No Logo
14236,474.53,No Logo
14237,474.57,No Logo
14238,474.6,No Logo
14239,474.63,No Logo
14240,474.67,No Logo
14241,474.7,No Logo
14242,474.73,No Logo
14243,474.77,No Logo
14244,474.8,No Logo
14245,474.83,No Logo
14246,474.87,No Logo
14247,474.9,No Logo
14248,474.93,No Logo
14249,474.97,No Logo
14250,475.0,No Logo
14251,475.03,No Logo
14252,475.07,No Logo
14253,475.1,No Logo
14254,475.13,No Logo
14255,475.17,No Logo
14256,475.2,No Logo
14257,475.23,No Logo
14258,475.27,No Logo
14259,475.3,No Logo
14260,475.33,No Logo
14261,475.37,No Logo
14262,475.4,No Logo
14263,475.43,No Logo
14264,475.47,No Logo
14265,475.5,No Logo
14266,475.53,No Logo
14267,475.57,No Logo
14268,475.6,No Logo
14269,475.63,No Logo
14270,475.67,No Logo
14271,475.7,No Logo
14272,475.73,No Logo
14273,475.77,No Logo
14274,475.8,No Logo
14275,475.83,No Logo
14276,475.87,No Logo
14277,475.9,No Logo
14278,475.93,No Logo
14279,475.97,No Logo
14280,476.0,No Logo
14281,476.03,No Logo
14282,476.07,No Logo
14283,476.1,No Logo
14284,476.13,No Logo
14285,476.17,No Logo
14286,476.2,No Logo
14287,476.23,No Logo
14288,476.27,No Logo
14289,476.3,No Logo
14290,476.33,No Logo
14291,476.37,No Logo
14292,476.4,No Logo
14293,476.43,No Logo
14294,476.47,No Logo
14295,476.5,No Logo
14296,476.53,No Logo
14297,476.57,No Logo
14298,476.6,No Logo
14299,476.63,No Logo
14300,476.67,No Logo
14301,476.7,No Logo
14302,476.73,No Logo
14303,476.77,No Logo
14304,476.8,No Logo
14305,476.83,No Logo
14306,476.87,No Logo
14307,476.9,No Logo
14308,476.93,No Logo
14309,476.97,No Logo
14310,477.0,No Logo
14311,477.03,No Logo
14312,477.07,No Logo
14313,477.1,No Logo
14314,477.13,No Logo
14315,477.17,No Logo
14316,477.2,No Logo
14317,477.23,No Logo
14318,477.27,No Logo
14319,477.3,No Logo
14320,477.33,No Logo
14321,477.37,No Logo
14322,477.4,No Logo
14323,477.43,No Logo
14324,477.47,No Logo
14325,477.5,No Logo
14326,477.53,No Logo
14327,477.57,No Logo
14328,477.6,No Logo
14329,477.63,No Logo
14330,477.67,No Logo
14331,477.7,No Logo
14332,477.73,No Logo
14333,477.77,No Logo
14334,477.8,No Logo
14335,477.83,No Logo
14336,477.87,No Logo
14337,477.9,No Logo
14338,477.93,No Logo
14339,477.97,No Logo
14340,478.0,No Logo
14341,478.03,No Logo
14342,478.07,No Logo
14343,478.1,No Logo
14344,478.13,No Logo
14345,478.17,No Logo
14346,478.2,No Logo
14347,478.23,No Logo
14348,478.27,No Logo
14349,478.3,No Logo
14350,478.33,No Logo
14351,478.37,No Logo
14352,478.4,No Logo
14353,478.43,No Logo
14354,478.47,No Logo
14355,478.5,No Logo
14356,478.53,No Logo
14357,478.57,No Logo
14358,478.6,No Logo
14359,478.63,No Logo
14360,478.67,No Logo
14361,478.7,No Logo
14362,478.73,No Logo
14363,478.77,No Logo
14364,478.8,No Logo
14365,478.83,No Logo
14366,478.87,No Logo
14367,478.9,No Logo
14368,478.93,No Logo
14369,478.97,No Logo
14370,479.0,No Logo
14371,479.03,No Logo
14372,479.07,No Logo
14373,479.1,No Logo
14374,479.13,No Logo
14375,479.17,No Logo
14376,479.2,No Logo
14377,479.23,No Logo
14378,479.27,No Logo
14379,479.3,No Logo
14380,479.33,No Logo
14381,479.37,No Logo
14382,479.4,No Logo
14383,479.43,No Logo
14384,479.47,No Logo
14385,479.5,No Logo
14386,479.53,No Logo
14387,479.57,No Logo
14388,479.6,No Logo
14389,479.63,No Logo
14390,479.67,No Logo
14391,479.7,No Logo
14392,479.73,No Logo
14393,479.77,No Logo
14394,479.8,No Logo
14395,479.83,No Logo
14396,479.87,No Logo
14397,479.9,No Logo
14398,479.93,No Logo
14399,479.97,No Logo
14400,480.0,No Logo
14401,480.03,No Logo
14402,480.07,No Logo
14403,480.1,No Logo
14404,480.13,No Logo
14405,480.17,No Logo
14406,480.2,No Logo
14407,480.23,No Logo
14408,480.27,No Logo
14409,480.3,No Logo
14410,480.33,No Logo
14411,480.37,No Logo
14412,480.4,No Logo
14413,480.43,No Logo
14414,480.47,No Logo
14415,480.5,No Logo
14416,480.53,No Logo
14417,480.57,No Logo
14418,480.6,No Logo
14419,480.63,No Logo
14420,480.67,No Logo
14421,480.7,No Logo
14422,480.73,No Logo
14423,480.77,No Logo
14424,480.8,No Logo
14425,480.83,No Logo
14426,480.87,No Logo
14427,480.9,No Logo
14428,480.93,No Logo
14429,480.97,No Logo
14430,481.0,No Logo
14431,481.03,No Logo
14432,481.07,No Logo
14433,481.1,No Logo
14434,481.13,No Logo
14435,481.17,No Logo
14436,481.2,No Logo
14437,481.23,No Logo
14438,481.27,No Logo
14439,481.3,No Logo
14440,481.33,No Logo
14441,481.37,No Logo
14442,481.4,No Logo
14443,481.43,No Logo
14444,481.47,No Logo
14445,481.5,No Logo
14446,481.53,No Logo
14447,481.57,No Logo
14448,481.6,No Logo
14449,481.63,No Logo
14450,481.67,No Logo
14451,481.7,No Logo
14452,481.73,No Logo
14453,481.77,No Logo
14454,481.8,No Logo
